001-TIME,002-NumDens-Spec-001,003-TempTra-001,004-TempVib001,005-XiVibMean001,006-TempRot001,007-TempTotal001
0.0000000000000000E+000,0.25E+016,0.1E+004,0.1E+004,5.25E-1,0.1E+004,0.1E+004
0.1000000000000000E-009,0.25E+016,0.1E+004,0.1E+004,5.25E-1,0.1E+004,0.1E+004
