001-TIME,002-Pmean,003-Pmax,004-MeanFreePath,005-MaxMCSoverMFP,006-ResolvedCellPercentage,007-CollRate001+001,008-CollRate001+002,009-CollRate001+003,010-CollRate001+004,011-CollRate001+005,012-CollRate002+002,013-CollRate002+003,014-CollRate002+004,015-CollRate002+005,016-CollRate003+003,017-CollRate003+004,018-CollRate003+005,019-CollRate004+004,020-CollRate004+005,021-CollRate005+005,022-TotalCollRate
0.0000000000000000E+000,0.0000000000000000E+000,0.0000000000000000E+000,0.0000000000000000E+000,0.0000000000000000E+000,0.0000000000000000E+000,0.0000000000000000E+000,0.0000000000000000E+000,0.0000000000000000E+000,0.0000000000000000E+000,0.0000000000000000E+000,0.0000000000000000E+000,0.0000000000000000E+000,0.0000000000000000E+000,0.0000000000000000E+000,0.0000000000000000E+000,0.0000000000000000E+000,0.0000000000000000E+000,0.0000000000000000E+000,0.0000000000000000E+000,0.0000000000000000E+000,0.0000000000000000E+000
0.1000000000000000E-008,0.1344932273304725E-001,0.4942986551805167E+000,0.0000000000000000E+000,0.0000000000000000E+000,0.1000000000000000E+003,0.0000000000000000E+000,0.0000000000000000E+000,0.1342499999999810E+015,0.0000000000000000E+000,0.0000000000000000E+000,0.0000000000000000E+000,0.0000000000000000E+000,0.0000000000000000E+000,0.0000000000000000E+000,0.0000000000000000E+000,0.0000000000000000E+000,0.0000000000000000E+000,0.0000000000000000E+000,0.0000000000000000E+000,0.0000000000000000E+000,0.1342499999999810E+015
