001-TIME,002-Pmean,003-Pmax,004-MeanFreePath,005-CollRate001+001,006-CollRate001+002,007-CollRate001+003,008-CollRate001+004,009-CollRate001+005,010-CollRate002+002,011-CollRate002+003,012-CollRate002+004,013-CollRate002+005,014-CollRate003+003,015-CollRate003+004,016-CollRate003+005,017-CollRate004+004,018-CollRate004+005,019-CollRate005+005,020-TotalCollRate
0.0000000000000000E+000,0.0000000000000000E+000,0.0000000000000000E+000,0.0000000000000000E+000,0.0000000000000000E+000,0.0000000000000000E+000,0.0000000000000000E+000,0.0000000000000000E+000,0.0000000000000000E+000,0.0000000000000000E+000,0.0000000000000000E+000,0.0000000000000000E+000,0.0000000000000000E+000,0.0000000000000000E+000,0.0000000000000000E+000,0.0000000000000000E+000,0.0000000000000000E+000,0.0000000000000000E+000,0.0000000000000000E+000,0.0000000000000000E+000
0.1000000000000000E-008,0.1170861504594123E-001,0.4305352058791854E+000,0.1881045468448140E-007,0.0000000000000000E+000,0.0000000000000000E+000,0.1172099999999834E+015,0.0000000000000000E+000,0.0000000000000000E+000,0.0000000000000000E+000,0.0000000000000000E+000,0.0000000000000000E+000,0.0000000000000000E+000,0.0000000000000000E+000,0.0000000000000000E+000,0.0000000000000000E+000,0.0000000000000000E+000,0.0000000000000000E+000,0.0000000000000000E+000,0.1172099999999834E+015
