001-TIME,002-Pmean,003-Pmax,004-MeanFreePath,005-Reaction001,006-Reaction002,007-Reaction003,008-Reaction004,009-Reaction005,010-Reaction006
0.00000000000000E+000,0.00000000000000E+000,0.00000000000000E+000,0.00000000000000E+000,0.00000000000000E+000,0.00000000000000E+000,0.00000000000000E+000,0.00000000000000E+000,0.00000000000000E+000,0.00000000000000E+000
2.00000000000000E-006,3.04859505227313E-001,5.85880332203581E-001,1.01594779577752E-004,5.30027840956021E-017,5.17040217393362E-017,5.19509575909158E-017,2.87336920697584E-046,2.87271845277791E-046,2.87364891734210E-046
