001-TIME,002-Pmean,003-Pmax,004-MeanFreePath,005-Reaction001,006-Reaction002,007-Reaction003,008-Reaction004,009-Reaction005,010-Reaction006
0.00000000000000E+000,0.00000000000000E+000,0.00000000000000E+000,0.00000000000000E+000,0.00000000000000E+000,0.00000000000000E+000,0.00000000000000E+000,0.00000000000000E+000,0.00000000000000E+000,0.00000000000000E+000
2.00000000000000E-006,2.88345377143152E-001,5.26816660115779E-001,9.63285269416815E-005,2.11560134887055E-017,2.05405522014654E-017,2.05400010417580E-017,3.13855717228863E-046,3.13519278636495E-046,3.13428953623618E-046
