001-TIME,002-Pmean,003-Pmax,004-MeanFreePath,005-MaxMCSoverMFP,006-ResolvedCellPercentage,007-Reaction001,008-Reaction002,009-Reaction003,010-Reaction004,011-Reaction005,012-Reaction006
0.0000000000000000E+000,0.0000000000000000E+000,0.0000000000000000E+000,0.0000000000000000E+000,0.0000000000000000E+000,0.0000000000000000E+000,0.0000000000000000E+000,0.0000000000000000E+000,0.0000000000000000E+000,0.0000000000000000E+000,0.0000000000000000E+000,0.0000000000000000E+000
2.00000000000000E-006,2.67352703496838E-001,5.25596772392851E-001,8.99064735506277E-005,0.0000000000000000E+000,0.0000000000000000E+000,3.87721645313516E-018,3.88852963783802E-018,3.83657179826993E-018,3.47915291769440E-046,3.48124071513895E-046,3.47930977882192E-046
