001-TIME,002-Pmean,003-Pmax,004-MeanFreePath,005-MaxMCSoverMFP,006-ResolvedCellPercentage,007-Reaction001,008-Reaction002,009-Reaction003,010-Reaction004,011-Reaction005,012-Reaction006
0.0000000000000000E+000,0.0000000000000000E+000,0.0000000000000000E+000,0.0000000000000000E+000,0.0000000000000000E+000,0.0000000000000000E+000,0.0000000000000000E+000,0.0000000000000000E+000,0.0000000000000000E+000,0.0000000000000000E+000,0.0000000000000000E+000,0.0000000000000000E+000
2.00000000000000E-006,2.88345377143152E-001,5.26816660115779E-001,9.63285269416815E-005,0.0000000000000000E+000,0.0000000000000000E+000,2.11560134887055E-017,2.05405522014654E-017,2.05400010417580E-017,3.13855717228863E-046,3.13519278636495E-046,3.13428953623618E-046
