001-TIME,002-Pmean,003-Pmax,004-MeanFreePath,005-Reaction001,006-Reaction002,007-Reaction003,008-Reaction004,009-Reaction005,010-Reaction006
0.00000000000000E+000,0.00000000000000E+000,0.00000000000000E+000,0.00000000000000E+000,0.00000000000000E+000,0.00000000000000E+000,0.00000000000000E+000,0.00000000000000E+000,0.00000000000000E+000,0.00000000000000E+000
2.00000000000000E-006,3.20356067937429E-001,6.19158042957102E-001,1.06089226776644E-004,9.21017186424224E-017,9.14468407820260E-017,9.12978212240774E-017,2.60944201077233E-046,2.61715287269015E-046,2.61248580460074E-046
