  TIME     ,002-W-El      ,003 -W-Mag                  
1E-11,1.0103807494863E-18,1.0103807495175E-18
