  TIME     ,002-Pmean     ,003-Pmax     ,004-MeanFreePath     ,005-Reaction001     ,006-Reaction002     ,007-Reaction003     ,008-Reaction004     ,009-Reaction005     ,010-Reaction006     ,011-Reaction007     ,012-Reaction008      
    0.00000000000000E+000,    0.00000000000000E+000,    0.00000000000000E+000,    0.00000000000000E+000,    0.00000000000000E+000,    0.00000000000000E+000,    0.00000000000000E+000,    0.00000000000000E+000,    0.00000000000000E+000,    0.00000000000000E+000,    0.00000000000000E+000,    0.00000000000000E+000 
    0.10000000000000E-005,    0.34338718527358E+000,    0.79441357362839E+000,    0.20693928646223E-003,    0.00000000000000E+000,    0.00000000000000E+000,    0.00000000000000E+000,    0.00000000000000E+000,    0.00000000000000E+000,    0.69754110555005E-044,    0.00000000000000E+000,    0.69496385313575E-044 
