  TIME     ,002-Pmean     ,003-Pmax     ,004-MeanFreePath     ,005-Reaction001     ,006-Reaction002     ,007-Reaction003     ,008-Reaction004     ,009-Reaction005     ,010-Reaction006     ,011-Reaction007     ,012-Reaction008      
    0.00000000000000E+000,    0.00000000000000E+000,    0.00000000000000E+000,    0.00000000000000E+000,    0.00000000000000E+000,    0.00000000000000E+000,    0.00000000000000E+000,    0.00000000000000E+000,    0.00000000000000E+000,    0.00000000000000E+000,    0.00000000000000E+000,    0.00000000000000E+000 
    0.10000000000000E-005,    0.18885008030043E+000,    0.43675313769584E+000,    0.11909368952621E-003,    0.00000000000000E+000,    0.00000000000000E+000,    0.00000000000000E+000,    0.00000000000000E+000,    0.00000000000000E+000,    0.74199488642353E-036,    0.00000000000000E+000,    0.72848499867002E-036 
