001-TIME,002-Massflow-Spec-001-SF-001,003-Pressure-Spec-001-SF-001,004-Massflow-Spec-001-SF-002,005-Pressure-Spec-001-SF-002
0.0000000000000000E+000,0.0000000000000000E+000,0.0000000000000000E+000,0.0000000000000000E+000,0.0000000000000000E+000
0.7000000000000000E-003,0.9958705454400102E-010,0.4052565368860408E+000,-.9882722118400103E-010,0.4099931658909885E-001
