001-TIME,002-nPart-Spec-001,003-nPart-Spec-002,004-nPart-Spec-003,005-nPart-Spec-004,006-Ekin-001,007-Ekin-002,008-Ekin-003,009-Ekin-004
0.1000000000000000E-006,0.9997000000000000E+004,0.0000000000000000E+000,0.1358100000000000E+005,0.2357800000000000E+005,0.1025688079232645E-004,0.0000000000000000E+000,0.6052878562561848E-005,0.1630975935488830E-004
