001-TIME,002-nPart-Spec-001,003-nPart-Spec-002,004-nPart-Spec-003,005-nPart-Spec-004,006-Ekin-001,007-Ekin-002,008-Ekin-003,009-Ekin-004
0.1000000000000000E-006,0.8460000000000000E+004,0.0000000000000000E+000,0.9487000000000000E+004,0.1794700000000000E+005,0.4338688100149794E-005,0.0000000000000000E+000,0.2305635546184439E-005,0.6644323646334216E-005
