001-TIME,002-Charge,003-Charge-absError,004-Charge-relError
1.00000000000000E-012,1.06801087489800E+001,1.49213974509621E-013,1.39712036662426E-014
