001-TIME,002-E-El,003-E-Mag,004-E-phi,005-E-psi,006-E-pot
0.00000000000000E+000,4.26036468403345E+010,4.64440261997833E+011,0.00000000000000E+000,0.00000000000000E+000,5.07043908838168E+011
1.00000000000000E-011,4.64746730219109E+010,4.33157941424596E+011,0.00000000000000E+000,0.00000000000000E+000,4.79632614446507E+011
