001-TIME,002-CollRate001+001,003-CollRate001+002,004-CollRate001+003,005-CollRate001+004,006-CollRate002+002,007-CollRate002+003,008-CollRate002+004,009-CollRate003+003,010-CollRate003+004,011-CollRate004+004,012-TotalCollRate
0.00000000000000E+000,0.00000000000000E+000,0.00000000000000E+000,0.00000000000000E+000,0.00000000000000E+000,0.00000000000000E+000,0.00000000000000E+000,0.00000000000000E+000,0.00000000000000E+000,0.00000000000000E+000,0.00000000000000E+000,0.00000000000000E+000
2.00000000000000E-010,1.16150000000000E+013,2.22250000000000E+013,3.60100000000000E+013,3.25850000000000E+015,1.01300000000000E+013,2.87450000000000E+013,7.23120000000001E+014,1.31050000000000E+013,5.93680000000000E+014,0.00000000000000E+000,4.69713000000000E+015
