001-TIME,002-CollRate001+001,003-CollRate001+002,004-CollRate001+003,005-CollRate001+004,006-CollRate002+002,007-CollRate002+003,008-CollRate002+004,009-CollRate003+003,010-CollRate003+004,011-CollRate004+004,012-TotalCollRate
0.00000000000000E+000,0.00000000000000E+000,0.00000000000000E+000,0.00000000000000E+000,0.00000000000000E+000,0.00000000000000E+000,0.00000000000000E+000,0.00000000000000E+000,0.00000000000000E+000,0.00000000000000E+000,0.00000000000000E+000,0.00000000000000E+000
2.00000000000000E-010,1.10100000000000E+013,2.15200000000000E+013,3.56000000000000E+013,3.68721500000000E+015,9.90000000000001E+012,2.92900000000000E+013,8.44682500000001E+015,1.34250000000000E+013,2.79552500000000E+015,0.00000000000000E+000,1.50503100000000E+016
