001-TIME,002-CollRate001+001,003-CollRate001+002,004-CollRate001+003,005-CollRate001+004,006-CollRate002+002,007-CollRate002+003,008-CollRate002+004,009-CollRate003+003,010-CollRate003+004,011-CollRate004+004,012-TotalCollRate
0.00000000000000E+000,0.00000000000000E+000,0.00000000000000E+000,0.00000000000000E+000,0.00000000000000E+000,0.00000000000000E+000,0.00000000000000E+000,0.00000000000000E+000,0.00000000000000E+000,0.00000000000000E+000,0.00000000000000E+000,0.00000000000000E+000
2.00000000000000E-010,1.18900000000000E+013,2.22900000000000E+013,3.66350000000000E+013,1.72893450000000E+016,9.88000000000001E+012,2.87800000000000E+013,1.06512950000000E+016,1.36350000000000E+013,2.40333000000000E+015,0.00000000000000E+000,3.04670800000000E+016
