001-TIME,002-CollRate001+001,003-CollRate001+002,004-CollRate001+003,005-CollRate001+004,006-CollRate002+002,007-CollRate002+003,008-CollRate002+004,009-CollRate003+003,010-CollRate003+004,011-CollRate004+004,012-TotalCollRate
0.00000000000000E+000,0.00000000000000E+000,0.00000000000000E+000,0.00000000000000E+000,0.00000000000000E+000,0.00000000000000E+000,0.00000000000000E+000,0.00000000000000E+000,0.00000000000000E+000,0.00000000000000E+000,0.00000000000000E+000,0.00000000000000E+000
2.00000000000000E-010,1.15250000000000E+013,2.26700000000000E+013,3.57900000000000E+013,3.87853000000000E+015,9.93000000000001E+012,2.89200000000000E+013,3.17795000000000E+014,1.32850000000000E+013,3.60035000000000E+014,0.00000000000000E+000,4.67848000000000E+015
