001-TIME,002-CollRate001+001,003-CollRate001+002,004-CollRate001+003,005-CollRate001+004,006-CollRate002+002,007-CollRate002+003,008-CollRate002+004,009-CollRate003+003,010-CollRate003+004,011-CollRate004+004,012-TotalCollRate
0.00000000000000E+000,0.00000000000000E+000,0.00000000000000E+000,0.00000000000000E+000,0.00000000000000E+000,0.00000000000000E+000,0.00000000000000E+000,0.00000000000000E+000,0.00000000000000E+000,0.00000000000000E+000,0.00000000000000E+000,0.00000000000000E+000
2.00000000000000E-010,1.13550000000000E+013,2.20600000000000E+013,3.56500000000000E+013,1.01433550000000E+016,9.86500000000001E+012,2.88050000000000E+013,8.52057500000001E+015,1.31750000000000E+013,3.38477500000000E+015,0.00000000000000E+000,2.21696150000000E+016
