001-TIME,002-CollRate001+001,003-CollRate001+002,004-CollRate001+003,005-CollRate001+004,006-CollRate002+002,007-CollRate002+003,008-CollRate002+004,009-CollRate003+003,010-CollRate003+004,011-CollRate004+004,012-TotalCollRate
0.00000000000000E+000,0.00000000000000E+000,0.00000000000000E+000,0.00000000000000E+000,0.00000000000000E+000,0.00000000000000E+000,0.00000000000000E+000,0.00000000000000E+000,0.00000000000000E+000,0.00000000000000E+000,0.00000000000000E+000,0.00000000000000E+000
2.00000000000000E-010,1.16400000000000E+013,2.26450000000000E+013,3.60000000000000E+013,1.22237500000000E+015,9.64000000000001E+012,2.86900000000000E+013,2.34325500000000E+015,1.33750000000000E+013,1.61003000000000E+015,0.00000000000000E+000,5.29765000000000E+015
