001-TIME,002-CollRate001+001,003-CollRate001+002,004-CollRate001+003,005-CollRate001+004,006-CollRate002+002,007-CollRate002+003,008-CollRate002+004,009-CollRate003+003,010-CollRate003+004,011-CollRate004+004,012-TotalCollRate
0.00000000000000E+000,0.00000000000000E+000,0.00000000000000E+000,0.00000000000000E+000,0.00000000000000E+000,0.00000000000000E+000,0.00000000000000E+000,0.00000000000000E+000,0.00000000000000E+000,0.00000000000000E+000,0.00000000000000E+000,0.00000000000000E+000
2.00000000000000E-010,1.19550000000000E+013,2.18900000000000E+013,3.60600000000000E+013,1.71049000000000E+015,9.71500000000001E+012,2.88250000000000E+013,8.82263000000001E+015,1.31400000000000E+013,2.36672000000000E+015,0.00000000000000E+000,1.30214250000000E+016
