001-TIME,002-CollRate001+001,003-CollRate001+002,004-CollRate001+003,005-CollRate001+004,006-CollRate002+002,007-CollRate002+003,008-CollRate002+004,009-CollRate003+003,010-CollRate003+004,011-CollRate004+004,012-TotalCollRate
0.00000000000000E+000,0.00000000000000E+000,0.00000000000000E+000,0.00000000000000E+000,0.00000000000000E+000,0.00000000000000E+000,0.00000000000000E+000,0.00000000000000E+000,0.00000000000000E+000,0.00000000000000E+000,0.00000000000000E+000,0.00000000000000E+000
2.00000000000000E-010,1.17900000000000E+013,2.18200000000000E+013,3.60950000000000E+013,1.72661300000000E+016,9.65500000000001E+012,2.91250000000000E+013,1.28360050000000E+016,1.39550000000000E+013,1.76456000000000E+015,0.00000000000000E+000,3.19891350000000E+016
