001-TIME,002-CollRate001+001,003-CollRate001+002,004-CollRate001+003,005-CollRate001+004,006-CollRate002+002,007-CollRate002+003,008-CollRate002+004,009-CollRate003+003,010-CollRate003+004,011-CollRate004+004,012-TotalCollRate
0.00000000000000E+000,0.00000000000000E+000,0.00000000000000E+000,0.00000000000000E+000,0.00000000000000E+000,0.00000000000000E+000,0.00000000000000E+000,0.00000000000000E+000,0.00000000000000E+000,0.00000000000000E+000,0.00000000000000E+000,0.00000000000000E+000
2.00000000000000E-010,1.18600000000000E+013,2.26750000000000E+013,3.60750000000000E+013,1.26177500000000E+015,9.67000000000001E+012,2.94450000000000E+013,2.92177500000000E+015,1.34750000000000E+013,1.84839000000000E+015,0.00000000000000E+000,6.15514000000001E+015
