001-TIME,002-Flux-Spec-002-BC_left
0.6000000000000000E-008,0.4200000000000136E+013
