001-TIME,002-Pmean,003-Pmax,004-MeanFreePath,005-RotRelaxPmean,006-RotRelaxPmax,007-VibRelaxPmean,008-VibRelaxPmax,009-VibRelaxRate001+004,010-VibRelaxRate002+004
0.00000000000000E+000,0.00000000000000E+000,0.00000000000000E+000,0.00000000000000E+000,2.00000000000000E-001,2.00000000000000E-001,0.00000000000000E+000,0.00000000000000E+000,0.00000000000000E+000,0.00000000000000E+000
1.00000000000000E-012,7.13039570078954E-003,5.35804451332749E-001,3.81185943832952E-006,2.00000000000000E-001,2.00000000000000E-001,2.23135315171175E-001,0.00000000000000E+000,6.56373439148567E-014,6.20636773329436E-015
