001-TIME,002-Pmean,003-Pmax,004-MeanFreePath,005-RotRelaxPmean,006-RotRelaxPmax,007-VibRelaxPmean,008-VibRelaxPmax,009-VibRelaxRate001+004,010-VibRelaxRate002+004
0.00000000000000E+000,0.00000000000000E+000,0.00000000000000E+000,0.00000000000000E+000,2.00000000000000E-001,2.00000000000000E-001,0.00000000000000E+000,0.00000000000000E+000,0.00000000000000E+000,0.00000000000000E+000
1.00000000000000E-012,7.77275763175020E-003,6.30202231057627E-001,4.44879885789475E-006,2.00000000000000E-001,2.00000000000000E-001,6.02831753347437E-002,0.00000000000000E+000,1.92697707848252E-014,1.39643273999123E-015
