001-TIME,002-Pmean,003-Pmax,004-MeanFreePath,005-MaxMCSoverMFP,006-ResolvedCellPercentage,007-RotRelaxPmean,008-RotRelaxPmax,009-VibRelaxPmean,010-VibRelaxPmax,011-VibRelaxRate001+004,012-VibRelaxRate002+004
0.0000000000000000E+000,0.0000000000000000E+000,0.0000000000000000E+000,0.0000000000000000E+000,0.0000000000000000E+000,0.0000000000000000E+000,0.2000000000000000E+000,0.2000000000000000E+000,0.0000000000000000E+000,0.0000000000000000E+000,0.0000000000000000E+000,0.0000000000000000E+000
1.00000000000000E-012,1.34641353177094E-002,5.41785962977047E-001,5.79453776989234E-006,0.0000000000000000E+000,0.0000000000000000E+000,2.00000000000000E-001,2.00000000000000E-001,3.44164212462233E-002,0.00000000000000E+000,7.69289290812374E-015,1.37641219891609E-014
