001-TIME,002-Pmean,003-Pmax,004-MeanFreePath,005-RotRelaxPmean,006-RotRelaxPmax,007-VibRelaxPmean,008-VibRelaxPmax,009-VibRelaxRate001+004,010-VibRelaxRate002+004
0.00000000000000E+000,0.00000000000000E+000,0.00000000000000E+000,0.00000000000000E+000,2.00000000000000E-001,2.00000000000000E-001,0.00000000000000E+000,0.00000000000000E+000,0.00000000000000E+000,0.00000000000000E+000
1.00000000000000E-012,6.50156914149986E-003,5.01069511864197E-001,3.63288164307219E-006,2.00000000000000E-001,2.00000000000000E-001,2.50505744656203E-001,0.00000000000000E+000,4.42504009113350E-014,3.42751663206450E-014
