001-TIME,002-Charge,003-Charge-absError,004-Charge-relError
0.1000000000000000E-011,0.1069379900794236E+002,0.1369025896277520E-001,0.1281846401056845E-002
