001-TIME,002-Charge,003-Charge-absError,004-Charge-relError
0.1000000000000000E-011,0.1068010874897999E+002,0.4067857162226574E-012,0.3808816237583002E-013
