001-TIME,002-Charge,003-Charge-absError,004-Charge-relError
0.0000000000000000E+000,0.0000000000000000E+000,0.0000000000000000E+000,0.0000000000000000E+000
0.1000000000000000E-011,0.1068010874898000E+002,0.4121147867408581E-012,0.3858713393533871E-013
