001-TIME,002-Charge,003-Charge-absError,004-Charge-relError
0.2000000000000000E-008,0.9456346606725390E+001,0.2961122954105203E+001,0.4558923776105354E+000
