001-TIME,002-ElectricCurrentSEE-BC_Xplus,003-EnergyViolationRatioSEE-BC_Xplus,004-EnergyViolationAdditionSEE-BC_Xplus
0.0000000000000000E+000,0.0000000000000000E+000,0.0000000000000000E+000,0.0000000000000000E+000
0.5000000000000002E-009,0.3306388816719972E+001,0.2628379184365832E+000,0.1240288503212891E+000
0.1000000000000000E-008,0.3310792055588991E+001,0.2634147695284313E+000,0.1243455574389518E+000
