001-TIME,002-ElectricCurrentSEE-BC_Xplus,003-EnergyViolationRatioSEE-BC_Xplus,004-EnergyViolationAdditionSEE-BC_Xplus
0.0000000000000000E+000,0.0000000000000000E+000,0.0000000000000000E+000,0.0000000000000000E+000
0.5000000000000002E-009,0.4957127644321781E+001,0.7337909556496833E-001,0.2091572173719674E-001
0.1000000000000000E-008,0.4959354800488591E+001,0.7342654284599789E-001,0.2084245634469380E-001
