001-TIME,002-ElectricCurrentSEE-BC_Xplus,003-EnergyViolationRatioSEE-BC_Xplus,004-EnergyViolationAdditionSEE-BC_Xplus
0.0000000000000000E+000,0.0000000000000000E+000,0.0000000000000000E+000,0.0000000000000000E+000
0.5000000000000002E-009,0.3999098847886362E+001,0.1732639370865152E+000,0.6751618154833115E-001
0.1000000000000000E-008,0.3998957652620060E+001,0.1736366433470162E+000,0.6763456492642546E-001
