001-TIME,002-ElectricCurrentSEE-BC_Xplus,003-EnergyViolationRatioSEE-BC_Xplus,004-EnergyViolationAdditionSEE-BC_Xplus
0.0000000000000000E+000,0.0000000000000000E+000,0.0000000000000000E+000,0.0000000000000000E+000
0.5000000000000002E-009,0.4509626346836554E+001,0.1503891935224013E+000,0.6780132931716135E-001
0.1000000000000000E-008,0.4509050369868297E+001,0.1503572847309567E+000,0.6779930324462884E-001
