001-TIME,002-ElectricCurrentSEE-BC_Xplus,003-EnergyViolationRatioSEE-BC_Xplus,004-EnergyViolationAdditionSEE-BC_Xplus
0.0000000000000000E+000,0.0000000000000000E+000,0.0000000000000000E+000,0.0000000000000000E+000
0.5000000000000002E-009,0.4958408235450102E+001,0.8102091633115485E-001,0.3871352312659580E-001
0.1000000000000000E-008,0.4958320427207547E+001,0.8111987421956923E-001,0.3875280878104772E-001
