001-TIME,002-ElectricCurrentSEE-BC_Xplus,003-EnergyViolationRatioSEE-BC_Xplus,004-EnergyViolationAdditionSEE-BC_Xplus
0.0000000000000000E+000,0.0000000000000000E+000,0.0000000000000000E+000,0.0000000000000000E+000
0.5000000000000002E-009,0.2440687061091037E+001,0.3137862256164247E+000,0.1721696989103011E+000
0.1000000000000000E-008,0.2436856028125278E+001,0.3124530859760619E+000,0.1709311265278048E+000
