001-TIME,002-ElectricCurrentSEE-BC_Xplus,003-EnergyViolationRatioSEE-BC_Xplus,004-EnergyViolationAdditionSEE-BC_Xplus
0.0000000000000000E+000,0.0000000000000000E+000,0.0000000000000000E+000,0.0000000000000000E+000
0.5000000000000002E-009,0.4839360426549074E+001,0.1266857799254931E+000,0.6102639175450144E-001
0.1000000000000000E-008,0.4839066617136166E+001,0.1268043100084826E+000,0.6123119281747547E-001
