001-TIME,002-ElectricCurrentSEE-BC_Xplus,003-EnergyViolationRatioSEE-BC_Xplus,004-EnergyViolationAdditionSEE-BC_Xplus
0.0000000000000000E+000,0.0000000000000000E+000,0.0000000000000000E+000,0.0000000000000000E+000
0.5000000000000002E-009,0.4987209326109553E+001,0.1025600807076895E+000,0.3202632164660078E-001
0.1000000000000000E-008,0.4984704437546215E+001,0.1025701926116349E+000,0.3202584759460168E-001
