001-TIME,002-ElectricCurrentSEE-BC_Xplus,003-EnergyViolationRatioSEE-BC_Xplus,004-EnergyViolationAdditionSEE-BC_Xplus
0.0000000000000000E+000,0.0000000000000000E+000,0.0000000000000000E+000,0.0000000000000000E+000
0.5000000000000002E-009,0.4843873382138669E+001,0.1366811216388601E+000,0.4701027532209973E-001
0.1000000000000000E-008,0.4827732794195788E+001,0.1357615194473200E+000,0.4667524041326503E-001
