001-TIME,002-ElectricCurrentSEE-BC_Xplus,003-EnergyViolationRatioSEE-BC_Xplus,004-EnergyViolationAdditionSEE-BC_Xplus
0.0000000000000000E+000,0.0000000000000000E+000,0.0000000000000000E+000,0.0000000000000000E+000
0.5000000000000002E-009,0.4502910598065810E+001,0.1733922910366628E+000,0.6594040560863428E-001
0.1000000000000000E-008,0.4505323606710167E+001,0.1739263633317986E+000,0.6632176472318405E-001
