001-TIME,002-Reaction001
0.0000000000000000E+000,0.0000000000000000E+000
0.2000000000000000E-008,0.4468029730473104E-013
