001-TIME,002-Reaction001
0.0000000000000000E+000,0.0000000000000000E+000
0.2000000000000000E-008,0.5081658700166955E-013
