001-TIME,002-Reaction001
0.0000000000000000E+000,0.0000000000000000E+000
0.2000000000000000E-008,0.4262268825545582E-013
