001-TIME,002-Reaction001,003-Reaction002
0.00000000000000E+000,0.00000000000000E+000,0.00000000000000E+000
4.00000000000000E-007,2.53084047174582E-017,5.00484720923801E-017
