001-TIME,002-Reaction001,003-Reaction002
0.00000000000000E+000,0.00000000000000E+000,0.00000000000000E+000
4.00000000000000E-007,6.41138828502998E-017,1.24141542834491E-016
