001-TIME,002-Reaction001,003-Reaction002
0.00000000000000E+000,0.00000000000000E+000,0.00000000000000E+000
4.00000000000000E-007,1.15108207424457E-016,2.20796429859743E-016
