001-TIME,002-Reaction001,003-Reaction002
0.00000000000000E+000,0.00000000000000E+000,0.00000000000000E+000
4.00000000000000E-007,1.71646636497899E-016,3.26668342127448E-016
