001-TIME,002-VibRelaxRate001+003,003-Reaction001,004-Reaction002,005-Reaction003
0.00000000000000E+000,0.00000000000000E+000,0.00000000000000E+000,0.00000000000000E+000,0.00000000000000E+000
2.00000000000000E-009,4.74483973653059E-016,6.40152956015045E-015,4.82106748883793E-014,4.38747522472860E-015
