001-TIME,002-VibRelaxRate001+003,003-Reaction001,004-Reaction002,005-Reaction003
0.00000000000000E+000,0.00000000000000E+000,0.00000000000000E+000,0.00000000000000E+000,0.00000000000000E+000
2.00000000000000E-009,6.78692266111338E-016,4.54914012292474E-015,5.14394682576155E-014,4.44503393461268E-015
