001-TIME,002-ElectricCurrentSEE-BC_Xplus
0.0000000000000000E+000,0.0000000000000000E+000
0.5000000000000002E-009,0.1391915383546529E+001
0.1000000000000000E-008,0.1393903194157925E+001
