001-TIME,002-Charge,003-Charge-absError,004-Charge-relError
0.1000000000000000E-007,0.3204353060000003E+002,0.2825598528307993E+002,0.7460236886632622E+001
