001-TIME,002-NumDens-Spec-001,003-NumDens-Spec-002,004-NumDens-Spec-003,005-NumDens-Spec-004,006-NumDens-Spec-005,007-NumDens-Spec-006,008-NumDens-Spec-007,009-NumDens-Spec-008,010-NumDens-Spec-009,011-NumDens-Spec-010,012-NumDens-Spec-011,013-NumDens-Spec-012,014-NumDens-Spec-013,015-NumDens-Spec-014,016-NumDens-Spec-015,017-NumDens-Spec-016,018-NumDens-Spec-017,019-NumDens-Spec-018,020-NumDens-Spec-019
0.5000000000000000E-005,0.0000000000000000E+000,0.0000000000000000E+000,0.3003082844725082E+018,0.1299333844151052E+021,0.2809584206763296E+022,0.7407604350321869E+020,0.1620763811298127E+022,0.3040120866476691E+021,0.9169412952560583E+020,0.9940204216040020E+020,0.3202787853899300E+022,0.3201486517999919E+022,0.1643697353955677E+023,0.1795343027338145E+022,0.2002055229816721E+018,0.3603699413670098E+019,0.6783964146233960E+021,0.1113142707778097E+022,0.3156169997873018E+023
