001-TIME,002-ElecRelaxRate001+004-10.50,003-ElecRelaxRate001+004-7.00,004-ElecRelaxRate002+004-11.03,005-ElecRelaxRate002+004-11.87,006-ElecRelaxRate002+004-12.25,007-ElecRelaxRate002+004-13.00,008-ElecRelaxRate002+004-8.16,009-ElecRelaxRate002+004-8.40,010-ElecRelaxRate002+004-8.55,011-ElecRelaxRate002+004-8.89,012-ElecRelaxRate003+004-19.80
0.0000000000000000E+000,0.0000000000000000E+000,0.0000000000000000E+000,0.0000000000000000E+000,0.0000000000000000E+000,0.0000000000000000E+000,0.0000000000000000E+000,0.0000000000000000E+000,0.0000000000000000E+000,0.0000000000000000E+000,0.0000000000000000E+000,0.0000000000000000E+000
0.1000000000000000E-009,0.1259929999999923E+016,0.0000000000000000E+000,0.2582599999999842E+015,0.4914999999999699E+013,0.4067999999999751E+014,0.7733599999999526E+015,0.3651999999999777E+014,0.2815999999999827E+014,0.1904649999999884E+015,0.3033999999999814E+014,0.3674499999999775E+014
