001-TIME,002-ElecRelaxRate001+004-10.50,003-ElecRelaxRate001+004-7.00,004-ElecRelaxRate002+004-11.03,005-ElecRelaxRate002+004-11.87,006-ElecRelaxRate002+004-12.25,007-ElecRelaxRate002+004-13.00,008-ElecRelaxRate002+004-8.16,009-ElecRelaxRate002+004-8.40,010-ElecRelaxRate002+004-8.55,011-ElecRelaxRate002+004-8.89,012-ElecRelaxRate003+004-19.80
0.0000000000000000E+000,0.0000000000000000E+000,0.0000000000000000E+000,0.0000000000000000E+000,0.0000000000000000E+000,0.0000000000000000E+000,0.0000000000000000E+000,0.0000000000000000E+000,0.0000000000000000E+000,0.0000000000000000E+000,0.0000000000000000E+000,0.0000000000000000E+000
0.1000000000000000E-009,0.2121259999999870E+016,0.0000000000000000E+000,0.1856149999999886E+015,0.6369999999999610E+013,0.2840499999999826E+014,0.1394484999999915E+016,0.3246999999999802E+014,0.2240499999999863E+014,0.1818549999999889E+015,0.2327999999999857E+014,0.1080799999999934E+015
