001-TIME,002-ElecRelaxRate001+004-10.50,003-ElecRelaxRate001+004-7.00,004-ElecRelaxRate002+004-11.03,005-ElecRelaxRate002+004-11.87,006-ElecRelaxRate002+004-12.25,007-ElecRelaxRate002+004-13.00,008-ElecRelaxRate002+004-8.16,009-ElecRelaxRate002+004-8.40,010-ElecRelaxRate002+004-8.55,011-ElecRelaxRate002+004-8.89,012-ElecRelaxRate003+004-19.80
0.0000000000000000E+000,0.0000000000000000E+000,0.0000000000000000E+000,0.0000000000000000E+000,0.0000000000000000E+000,0.0000000000000000E+000,0.0000000000000000E+000,0.0000000000000000E+000,0.0000000000000000E+000,0.0000000000000000E+000,0.0000000000000000E+000,0.0000000000000000E+000
0.1000000000000000E-009,0.0000000000000000E+000,0.0000000000000000E+000,0.0000000000000000E+000,0.0000000000000000E+000,0.9384999999999426E+013,0.3752709999999770E+016,0.0000000000000000E+000,0.1899999999999884E+014,0.6504499999999602E+014,0.0000000000000000E+000,0.3325949999999796E+015
