001-TIME,002-GranularSpecDragForceX,003-GranularSpecDragForceY,004-GranularSpecDragForceZ,005-GranularSpecHeat
0.0000000000000000E+000,0.0000000000000000E+000,0.0000000000000000E+000,0.0000000000000000E+000,0.0000000000000000E+000
0.1000000000000000E-003,-.1425721267669786E-011,-.2777652466346085E-012,-.3730910743218478E-012,-.8163763504567122E-008
