001-TIME,002-Charge,003-Charge-absError,004-Charge-relError
1.00000000000000E-012,3.19850910178643E+002,5.84395821853150E-001,1.82375603096697E-003
