001-TIME,002-Charge,003-Charge-absError,004-Charge-relError
1.00000000000000E-012,3.20435306000000E+002,4.95845142722828E-010,1.54741107935859E-012
