001-TIME,002-Charge,003-Charge-absError,004-Charge-relError
1.00000000000000E-012,3.20023446854566E+002,4.11859145929725E-001,1.28531138178977E-003
