001-TIME,002-Pmean     ,003-Pmax     ,004-MeanFreePath     ,005-Reaction001     ,006-Reaction002      
    0.00000000000000E+000,    0.00000000000000E+000,    0.00000000000000E+000,    0.00000000000000E+000,    0.00000000000000E+000,    0.00000000000000E+000 
    1.00000000000000E-010,    1.35776800031429E-001,    2.49945061870733E-001,    1.05402213689990E-005,    4.88998778754330E-016,    2.58463632905564E-015 
