001-TIME,002-Pmean,003-Pmax,004-MeanFreePath,005-Reaction001,006-Reaction002
0.00000000000000E+000,0.00000000000000E+000,0.00000000000000E+000,0.00000000000000E+000,0.00000000000000E+000,0.00000000000000E+000
1.00000000000000E-010,1.48196947039560E-001,2.72845160534894E-001,1.14266904041243E-005,1.16919257642796E-015,1.24341828665239E-014
