001-TIME,002-Pmean     ,003-Pmax     ,004-MeanFreePath     ,005-Reaction001     ,006-Reaction002      
    0.00000000000000E+000,    0.00000000000000E+000,    0.00000000000000E+000,    0.00000000000000E+000,    0.00000000000000E+000,    0.00000000000000E+000 
    1.00000000000000E-010,    1.18883914553144E-001,    2.18875757791168E-001,    9.32408088387504E-006,    9.75995515425735E-017,    4.90500310316523E-017 
