001-TIME,002-Pmean,003-Pmax,004-MeanFreePath,005-Reaction001,006-Reaction002
0.00000000000000E+000,0.00000000000000E+000,0.00000000000000E+000,0.00000000000000E+000,0.00000000000000E+000,0.00000000000000E+000
1.00000000000000E-010,1.35776328243403E-001,2.50022420054576E-001,1.05402213689990E-005,5.02512562814071E-016,2.65670984404092E-015
