001-TIME,002-Pmean     ,003-Pmax     ,004-MeanFreePath     ,005-Reaction001     ,006-Reaction002      
    0.00000000000000E+000,    0.00000000000000E+000,    0.00000000000000E+000,    0.00000000000000E+000,    0.00000000000000E+000,    0.00000000000000E+000 
    1.00000000000000E-010,    1.58212887958318E-001,    2.91409494458440E-001,    7.50116095410601E-006,    1.39792588440209E-015,    2.46881819455845E-014 
