001-TIME,002-Pmean     ,003-Pmax     ,004-MeanFreePath     ,005-Reaction001     ,006-Reaction002     ,007-Reaction003     ,008-Reaction004      
    0.00000000000000E+000,    0.00000000000000E+000,    0.00000000000000E+000,    0.00000000000000E+000,    0.00000000000000E+000,    0.00000000000000E+000,    0.00000000000000E+000,    0.00000000000000E+000 
    1.00000000000000E-006,    3.54045622320778E-001,    6.82839023779406E-001,    1.02598780706548E-005,    0.00000000000000E+000,    0.00000000000000E+000,    2.16230692083285E-043,    4.94527601338624E-043 
