001-TIME,002-Pmean     ,003-Pmax     ,004-MeanFreePath     ,005-Reaction001     ,006-Reaction002     ,007-Reaction003     ,008-Reaction004      
    0.00000000000000E+000,    0.00000000000000E+000,    0.00000000000000E+000,    0.00000000000000E+000,    0.00000000000000E+000,    0.00000000000000E+000,    0.00000000000000E+000,    0.00000000000000E+000 
    1.00000000000000E-006,    4.23608540423595E-001,    8.80077022278540E-001,    1.21166207360779E-005,    0.00000000000000E+000,    0.00000000000000E+000,    3.90416527372598E-044,    6.50694212287663E-044 
