001-TIME,002-Pmean     ,003-Pmax     ,004-MeanFreePath     ,005-Reaction001     ,006-Reaction002     ,007-Reaction003     ,008-Reaction004      
    0.00000000000000E+000,    0.00000000000000E+000,    0.00000000000000E+000,    0.00000000000000E+000,    0.00000000000000E+000,    0.00000000000000E+000,    0.00000000000000E+000,    0.00000000000000E+000 
    1.00000000000000E-006,    5.07520934538640E-001,    1.03525506023386E+000,    1.43086075338828E-005,    0.00000000000000E+000,    0.00000000000000E+000,    1.00106801890410E-044,    1.40149522646574E-044 
