001-TIME,002-Pmean     ,003-Pmax     ,004-MeanFreePath     ,005-Reaction001     ,006-Reaction002     ,007-Reaction003     ,008-Reaction004      
    0.00000000000000E+000,    0.00000000000000E+000,    0.00000000000000E+000,    0.00000000000000E+000,    0.00000000000000E+000,    0.00000000000000E+000,    0.00000000000000E+000,    0.00000000000000E+000 
    1.00000000000000E-006,    4.70415173683483E-001,    9.45936440229281E-001,    1.33555884955338E-005,    0.00000000000000E+000,    0.00000000000000E+000,    1.80192243402737E-044,    2.10224283969860E-044 
