001-TIME,002-nPart-Spec-001     ,003-nPart-Spec-002     ,004-nPart-Spec-003     ,005-nPart-Spec-004     ,006-nPart-Spec-005     ,007-Pmean     ,008-Pmax     ,009-MeanFreePath     ,010-Reaction001     ,011-Reaction002      
    0.00000000000000E+000,    9.98900000000000E+003,    9.98900000000000E+003,    9.98900000000000E+003,    9.98900000000000E+003,    3.99560000000000E+004,    0.00000000000000E+000,    0.00000000000000E+000,    0.00000000000000E+000,    0.00000000000000E+000,    0.00000000000000E+000 
    1.00000000000000E-006,    9.98900000000000E+003,    9.98900000000000E+003,    9.98900000000000E+003,    9.98900000000000E+003,    3.99560000000000E+004,    3.35905671831881E-001,    7.34129140014369E-001,    1.04046651606324E-004,    2.54776960941852E-015,    2.79757531943815E-016 
