001-TIME,002-Reaction001     ,003-Reaction002      
    0.00000000000000E+000,    0.00000000000000E+000,    0.00000000000000E+000 
    1.00000000000000E-006,    6.71608255457618E-016,    6.03081409225518E-017 
