001-TIME,002-Reaction001     ,003-Reaction002      
    0.00000000000000E+000,    0.00000000000000E+000,    0.00000000000000E+000 
    1.00000000000000E-006,    2.57215647093544E-015,    2.78606243674530E-016 
