  TIME     ,002-nPart-Spec-001     ,003-nPart-Spec-002     ,004-nPart-Spec-003     ,005-nPart-Spec-004     ,006-nPart-Spec-005     ,007-Pmean     ,008-Pmax     ,009-MeanFreePath     ,010-Reaction001     ,011-Reaction002      
    0.00000000000000E+000,    9.98900000000000E+003,    9.98900000000000E+003,    9.98900000000000E+003,    9.98900000000000E+003,    3.99560000000000E+004,    0.00000000000000E+000,    0.00000000000000E+000,    0.00000000000000E+000,    0.00000000000000E+000,    0.00000000000000E+000 
    1.00000000000000E-006,    9.98900000000000E+003,    9.98900000000000E+003,    9.98900000000000E+003,    9.98900000000000E+003,    3.99560000000000E+004,    2.52082521236200E-001,    5.35841515274272E-001,    6.44174929299394E-005,    4.32954941664829E-017,    3.22087196458830E-018 
