001-TIME,002-nPart-Spec-001     ,003-nPart-Spec-002     ,004-nPart-Spec-003     ,005-nPart-Spec-004     ,006-nPart-Spec-005     ,007-Pmean     ,008-Pmax     ,009-MeanFreePath     ,010-Reaction001     ,011-Reaction002      
    0.00000000000000E+000,    9.98900000000000E+003,    9.98900000000000E+003,    9.98900000000000E+003,    9.98900000000000E+003,    3.99560000000000E+004,    0.00000000000000E+000,    0.00000000000000E+000,    0.00000000000000E+000,    0.00000000000000E+000,    0.00000000000000E+000 
    1.00000000000000E-006,    9.98900000000000E+003,    9.98900000000000E+003,    9.98900000000000E+003,    9.98900000000000E+003,    3.99560000000000E+004,    3.01695389775711E-001,    6.76846645206480E-001,    9.44248908944332E-005,    6.62958648121380E-016,    5.88133192935942E-017 
