001-TIME,002-Reaction001,003-Reaction002
0.00000000000000E+000,0.00000000000000E+000,0.00000000000000E+000
1.00000000000000E-006,4.42358819324832E-017,3.26646211882389E-018
