001-TIME,002-Massflow-Spec-001-SF-001,003-Pressure-Spec-001-SF-001,004-Massflow-Spec-001-SF-002,005-Pressure-Spec-001-SF-002
0.0000000000000000E+000,0.0000000000000000E+000,0.0000000000000000E+000,0.0000000000000000E+000,0.0000000000000000E+000
0.5000000000000000E-003,0.0000000000000000E+000,0.1100000000000000E+000,0.0000000000000000E+000,0.1100000000000000E+000
