001-TIME,002-CollRate001+001,003-CollRate001+002,004-CollRate001+003,005-CollRate001+004,006-CollRate002+002,007-CollRate002+003,008-CollRate002+004,009-CollRate003+003,010-CollRate003+004,011-CollRate004+004,012-TotalCollRate
0.00000000000000E+000,0.00000000000000E+000,0.00000000000000E+000,0.00000000000000E+000,0.00000000000000E+000,0.00000000000000E+000,0.00000000000000E+000,0.00000000000000E+000,0.00000000000000E+000,0.00000000000000E+000,0.00000000000000E+000,0.00000000000000E+000
2.00000000000000E-010,1.21050000000000E+013,2.18250000000000E+013,3.68100000000000E+013,2.08325000000000E+015,9.70500000000001E+012,2.95650000000000E+013,1.31241000000000E+015,1.36550000000000E+013,8.97320000000001E+014,0.00000000000000E+000,4.41664500000000E+015
