001-TIME,002-CollRate001+001,003-CollRate001+002,004-CollRate001+003,005-CollRate001+004,006-CollRate002+002,007-CollRate002+003,008-CollRate002+004,009-CollRate003+003,010-CollRate003+004,011-CollRate004+004,012-TotalCollRate
0.00000000000000E+000,0.00000000000000E+000,0.00000000000000E+000,0.00000000000000E+000,0.00000000000000E+000,0.00000000000000E+000,0.00000000000000E+000,0.00000000000000E+000,0.00000000000000E+000,0.00000000000000E+000,0.00000000000000E+000,0.00000000000000E+000
2.00000000000000E-010,1.17400000000000E+013,2.19250000000000E+013,3.58250000000000E+013,6.99990500000001E+015,9.93500000000001E+012,2.86300000000000E+013,6.48947500000001E+015,1.37100000000000E+013,3.51166500000000E+015,0.00000000000000E+000,1.71228100000000E+016
