001-TIME,002-CollRate001+001,003-CollRate001+002,004-CollRate001+003,005-CollRate001+004,006-CollRate002+002,007-CollRate002+003,008-CollRate002+004,009-CollRate003+003,010-CollRate003+004,011-CollRate004+004,012-TotalCollRate
0.00000000000000E+000,0.00000000000000E+000,0.00000000000000E+000,0.00000000000000E+000,0.00000000000000E+000,0.00000000000000E+000,0.00000000000000E+000,0.00000000000000E+000,0.00000000000000E+000,0.00000000000000E+000,0.00000000000000E+000,0.00000000000000E+000
2.00000000000000E-010,1.16150000000000E+013,2.18300000000000E+013,3.65550000000000E+013,2.37364000000000E+015,9.71500000000001E+012,2.90650000000000E+013,1.06305900000000E+016,1.33850000000000E+013,2.57630000000000E+015,0.00000000000000E+000,1.57026950000000E+016
