001-TIME,002-CollRate001+001,003-CollRate001+002,004-CollRate001+003,005-CollRate001+004,006-CollRate002+002,007-CollRate002+003,008-CollRate002+004,009-CollRate003+003,010-CollRate003+004,011-CollRate004+004,012-TotalCollRate
0.00000000000000E+000,0.00000000000000E+000,0.00000000000000E+000,0.00000000000000E+000,0.00000000000000E+000,0.00000000000000E+000,0.00000000000000E+000,0.00000000000000E+000,0.00000000000000E+000,0.00000000000000E+000,0.00000000000000E+000,0.00000000000000E+000
2.00000000000000E-010,1.18300000000000E+013,2.22450000000000E+013,3.60300000000000E+013,1.66716500000000E+015,9.73000000000001E+012,2.87100000000000E+013,1.64404000000000E+015,1.36800000000000E+013,1.09834000000000E+015,0.00000000000000E+000,4.53177000000000E+015
