001-TIME,002-CollRate001+001,003-CollRate001+002,004-CollRate001+003,005-CollRate001+004,006-CollRate002+002,007-CollRate002+003,008-CollRate002+004,009-CollRate003+003,010-CollRate003+004,011-CollRate004+004,012-TotalCollRate
0.00000000000000E+000,0.00000000000000E+000,0.00000000000000E+000,0.00000000000000E+000,0.00000000000000E+000,0.00000000000000E+000,0.00000000000000E+000,0.00000000000000E+000,0.00000000000000E+000,0.00000000000000E+000,0.00000000000000E+000,0.00000000000000E+000
2.00000000000000E-010,1.16950000000000E+013,2.17950000000000E+013,3.56150000000000E+013,7.15417000000001E+015,1.01900000000000E+013,2.84750000000000E+013,5.52101500000000E+015,1.34800000000000E+013,3.20741500000000E+015,0.00000000000000E+000,1.60038500000000E+016
