001-TIME,002-CollRate001+001,003-CollRate001+002,004-CollRate001+003,005-CollRate001+004,006-CollRate002+002,007-CollRate002+003,008-CollRate002+004,009-CollRate003+003,010-CollRate003+004,011-CollRate004+004,012-TotalCollRate
0.00000000000000E+000,0.00000000000000E+000,0.00000000000000E+000,0.00000000000000E+000,0.00000000000000E+000,0.00000000000000E+000,0.00000000000000E+000,0.00000000000000E+000,0.00000000000000E+000,0.00000000000000E+000,0.00000000000000E+000,0.00000000000000E+000
2.00000000000000E-010,1.13900000000000E+013,2.20750000000000E+013,3.63450000000000E+013,6.15561000000001E+015,9.41500000000001E+012,2.86550000000000E+013,6.34862000000001E+015,1.35200000000000E+013,2.98906500000000E+015,0.00000000000000E+000,1.56146950000000E+016
