001-TIME,002-CollRate001+001,003-CollRate001+002,004-CollRate001+003,005-CollRate001+004,006-CollRate002+002,007-CollRate002+003,008-CollRate002+004,009-CollRate003+003,010-CollRate003+004,011-CollRate004+004,012-TotalCollRate
0.00000000000000E+000,0.00000000000000E+000,0.00000000000000E+000,0.00000000000000E+000,0.00000000000000E+000,0.00000000000000E+000,0.00000000000000E+000,0.00000000000000E+000,0.00000000000000E+000,0.00000000000000E+000,0.00000000000000E+000,0.00000000000000E+000
2.00000000000000E-010,1.16350000000000E+013,2.15650000000000E+013,3.58100000000000E+013,5.65632000000000E+015,1.03050000000000E+013,2.96450000000000E+013,5.84988000000000E+015,1.33300000000000E+013,3.41632500000000E+015,0.00000000000000E+000,1.50448150000000E+016
