001-TIME,002-Pmean,003-Pmax,004-MeanFreePath,005-Reaction001,006-Reaction002,007-Reaction003,008-Reaction004,009-Reaction005,010-Reaction006
0.00000000000000E+000,0.00000000000000E+000,0.00000000000000E+000,0.00000000000000E+000,0.00000000000000E+000,0.00000000000000E+000,0.00000000000000E+000,0.00000000000000E+000,0.00000000000000E+000,0.00000000000000E+000
2.00000000000000E-006,2.41210895567667E-001,4.63052552993294E-001,8.15692425333496E-005,1.05380012400738E-019,1.15353920282806E-019,9.28577800000000E-020,4.07225287207732E-046,4.07258586913590E-046,4.07570953927984E-046
