001-TIME,002-nPart-Spec-001,003-TempTra-001
0.00000000000000E+000,0.00000000000000E+000,0.00000000000000E+000
6.00000000000000E-003,3.95700000000000E+003,3.05210456840384E+002
