001-TIME,002-Massflow-Spec-001-SF-001,003-Pressure-Spec-001-SF-001,004-Massflow-Spec-001-SF-002,005-Pressure-Spec-001-SF-002
0.0000000000000000E+000,0.0000000000000000E+000,0.0000000000000000E+000,0.0000000000000000E+000,0.0000000000000000E+000
0.2000000000000000E-004,0.1590655347200031E-008,0.5E+001,0.7056354560000140E-011,0.25E+001
