001-TIME,002-Pmean,003-Pmax,004-MeanFreePath,005-CollRate001+001,006-CollRate001+002,007-CollRate001+003,008-CollRate001+004,009-CollRate001+005,010-CollRate001+006,011-CollRate002+002,012-CollRate002+003,013-CollRate002+004,014-CollRate002+005,015-CollRate002+006,016-CollRate003+003,017-CollRate003+004,018-CollRate003+005,019-CollRate003+006,020-CollRate004+004,021-CollRate004+005,022-CollRate004+006,023-CollRate005+005,024-CollRate005+006,025-CollRate006+006,026-TotalCollRate
0.00000000000000E+000,0.00000000000000E+000,0.00000000000000E+000,0.00000000000000E+000,0.00000000000000E+000,0.00000000000000E+000,0.00000000000000E+000,0.00000000000000E+000,0.00000000000000E+000,0.00000000000000E+000,0.00000000000000E+000,0.00000000000000E+000,0.00000000000000E+000,0.00000000000000E+000,0.00000000000000E+000,0.00000000000000E+000,0.00000000000000E+000,0.00000000000000E+000,0.00000000000000E+000,0.00000000000000E+000,0.00000000000000E+000,0.00000000000000E+000,0.00000000000000E+000,0.00000000000000E+000,0.00000000000000E+000,0.00000000000000E+000
1.00000000000000E-009,2.14174542721335E-003,5.18064450636107E-001,5.88191818249936E-005,0.00000000000000E+000,0.00000000000000E+000,1.36544999999981E+014,1.87039999999974E+013,1.66429999999976E+013,2.01799999999972E+012,0.00000000000000E+000,0.00000000000000E+000,0.00000000000000E+000,0.00000000000000E+000,0.00000000000000E+000,0.00000000000000E+000,0.00000000000000E+000,0.00000000000000E+000,0.00000000000000E+000,0.00000000000000E+000,0.00000000000000E+000,0.00000000000000E+000,0.00000000000000E+000,0.00000000000000E+000,0.00000000000000E+000,1.73909999999975E+014
