001-TIME,002-Pmean,003-Pmax,004-MeanFreePath,005-CollRate001+001,006-CollRate001+002,007-CollRate001+003,008-CollRate001+004,009-CollRate001+005,010-CollRate001+006,011-CollRate002+002,012-CollRate002+003,013-CollRate002+004,014-CollRate002+005,015-CollRate002+006,016-CollRate003+003,017-CollRate003+004,018-CollRate003+005,019-CollRate003+006,020-CollRate004+004,021-CollRate004+005,022-CollRate004+006,023-CollRate005+005,024-CollRate005+006,025-CollRate006+006,026-TotalCollRate
0.00000000000000E+000,0.00000000000000E+000,0.00000000000000E+000,0.00000000000000E+000,0.00000000000000E+000,0.00000000000000E+000,0.00000000000000E+000,0.00000000000000E+000,0.00000000000000E+000,0.00000000000000E+000,0.00000000000000E+000,0.00000000000000E+000,0.00000000000000E+000,0.00000000000000E+000,0.00000000000000E+000,0.00000000000000E+000,0.00000000000000E+000,0.00000000000000E+000,0.00000000000000E+000,0.00000000000000E+000,0.00000000000000E+000,0.00000000000000E+000,0.00000000000000E+000,0.00000000000000E+000,0.00000000000000E+000,0.00000000000000E+000
1.00000000000000E-009,1.00394992012240E-003,4.24685438364297E-001,5.88191818591117E-005,0.00000000000000E+000,0.00000000000000E+000,1.11731999999984E+014,7.43599999999895E+012,4.96999999999930E+012,3.13599999999956E+012,0.00000000000000E+000,0.00000000000000E+000,0.00000000000000E+000,0.00000000000000E+000,0.00000000000000E+000,0.00000000000000E+000,0.00000000000000E+000,0.00000000000000E+000,0.00000000000000E+000,0.00000000000000E+000,0.00000000000000E+000,0.00000000000000E+000,0.00000000000000E+000,0.00000000000000E+000,0.00000000000000E+000,1.27273999999982E+014
