001-TIME,002-Pmean,003-Pmax,004-MeanFreePath,005-MaxMCSoverMFP,006-ResolvedCellPercentage,007-CollRate001+001,008-CollRate001+002,009-CollRate001+003,010-CollRate001+004,011-CollRate001+005,012-CollRate001+006,013-CollRate002+002,014-CollRate002+003,015-CollRate002+004,016-CollRate002+005,017-CollRate002+006,018-CollRate003+003,019-CollRate003+004,020-CollRate003+005,021-CollRate003+006,022-CollRate004+004,023-CollRate004+005,024-CollRate004+006,025-CollRate005+005,026-CollRate005+006,027-CollRate006+006,028-TotalCollRate
0.0000000000000000E+000,0.0000000000000000E+000,0.0000000000000000E+000,0.0000000000000000E+000,0.0000000000000000E+000,0.0000000000000000E+000,0.0000000000000000E+000,0.0000000000000000E+000,0.0000000000000000E+000,0.0000000000000000E+000,0.0000000000000000E+000,0.0000000000000000E+000,0.0000000000000000E+000,0.0000000000000000E+000,0.0000000000000000E+000,0.0000000000000000E+000,0.0000000000000000E+000,0.0000000000000000E+000,0.0000000000000000E+000,0.0000000000000000E+000,0.0000000000000000E+000,0.0000000000000000E+000,0.0000000000000000E+000,0.0000000000000000E+000,0.0000000000000000E+000,0.0000000000000000E+000,0.0000000000000000E+000,0.0000000000000000E+000
1.00000000000000E-009,2.14174542721335E-003,5.18064450636107E-001,5.88191818249936E-005,0.0000000000000000E+000,0.0000000000000000E+000,0.00000000000000E+000,0.00000000000000E+000,1.36544999999981E+014,1.87039999999974E+013,1.66429999999976E+013,2.01799999999972E+012,0.00000000000000E+000,0.00000000000000E+000,0.00000000000000E+000,0.00000000000000E+000,0.00000000000000E+000,0.00000000000000E+000,0.00000000000000E+000,0.00000000000000E+000,0.00000000000000E+000,0.00000000000000E+000,0.00000000000000E+000,0.00000000000000E+000,0.00000000000000E+000,0.00000000000000E+000,0.00000000000000E+000,1.73909999999975E+014
