"001-time","002-E-El","003-HDG-#iterations","004-HDG-RunTime","005-HDG-RunTimePerIteration","006-HDG-Norm"
0.0000000000000000E+000,0.0000000000000000E+000,0.0000000000000000E+000,0.0000000000000000E+000,0.0000000000000000E+000,0.0000000000000000E+000
