"001-time","PartNum","PartPosX","PartPosY","PartPosZ","PartVelX","PartVelY","PartVelZ","gamma","Element"
0.0000000000000000E+000,0.1000000000000000E+001,-.2500000000000000E+000,0.0000000000000000E+000,0.0000000000000000E+000,0.7071067811865476E+001,0.7071067811865476E+001,0.0000000000000000E+000,0.1000000000000001E+001,0.3000000000000000E+001
0.2000000000000000E-001,0.1000000000000000E+001,-.4716580473546355E-002,0.1782332060813231E+000,0.0000000000000000E+000,0.7071067811865476E+001,0.7071067811865476E+001,0.0000000000000000E+000,0.1000000000000001E+001,0.1000000000000000E+001
0.4000000000000000E-001,0.1000000000000000E+001,-.1909047836164587E-001,0.4039505911426143E+000,0.0000000000000000E+000,-.1268564898553164E+002,0.7071067811865476E+001,0.0000000000000000E+000,0.1000000000000001E+001,0.1000000000000000E+001
