  TIME     ,002-Pmean     ,003-Pmax     ,004-MeanFreePath     ,005-Reaction001     ,006-Reaction002     ,007-Reaction003     ,008-Reaction004      
    0.00000000000000E+000,    0.00000000000000E+000,    0.00000000000000E+000,    0.00000000000000E+000,    0.00000000000000E+000,    0.00000000000000E+000,    0.00000000000000E+000,    0.00000000000000E+000 
    2.00000000000000E-006,    4.46788175755291E-001,    1.01350192043210E+000,    1.27418577116567E-004,    2.75457600373406E-018,    0.00000000000000E+000,    2.80201899118193E-018,    2.54722706933180E-018 
