  TIME     ,002-Pmean     ,003-Pmax     ,004-MeanFreePath     ,005-Reaction001     ,006-Reaction002     ,007-Reaction003     ,008-Reaction004      
    0.00000000000000E+000,    0.00000000000000E+000,    0.00000000000000E+000,    0.00000000000000E+000,    0.00000000000000E+000,    0.00000000000000E+000,    0.00000000000000E+000,    0.00000000000000E+000 
    2.00000000000000E-006,    4.22281911896573E-001,    8.81651272970852E-001,    1.20786530471786E-004,    8.32350678808440E-019,    0.00000000000000E+000,    9.12914557023075E-019,    7.10798911538462E-019 
