  TIME     ,002-Pmean     ,003-Pmax     ,004-MeanFreePath     ,005-Reaction001     ,006-Reaction002     ,007-Reaction003     ,008-Reaction004      
    0.00000000000000E+000,    0.00000000000000E+000,    0.00000000000000E+000,    0.00000000000000E+000,    0.00000000000000E+000,    0.00000000000000E+000,    0.00000000000000E+000,    0.00000000000000E+000 
    2.00000000000000E-006,    3.51907121336023E-001,    7.94967534541441E-001,    1.02285747071515E-004,    2.10959960218424E-023,    0.00000000000000E+000,    4.34816834633562E-023,    1.65855132650110E-023 
