  TIME     ,002-Pmean     ,003-Pmax     ,004-MeanFreePath     ,005-Reaction001     ,006-Reaction002     ,007-Reaction003     ,008-Reaction004      
    0.00000000000000E+000,    0.00000000000000E+000,    0.00000000000000E+000,    0.00000000000000E+000,    0.00000000000000E+000,    0.00000000000000E+000,    0.00000000000000E+000,    0.00000000000000E+000 
    2.00000000000000E-006,    4.69153447610123E-001,    1.00786275635421E+000,    1.33125533937974E-004,    4.47998880783874E-018,    0.00000000000000E+000,    4.49159767659144E-018,    4.39933856831167E-018 
