  TIME     ,002-Pmean     ,003-Pmax     ,004-MeanFreePath     ,005-Reaction001     ,006-Reaction002     ,007-Reaction003     ,008-Reaction004      
    0.00000000000000E+000,    0.00000000000000E+000,    0.00000000000000E+000,    0.00000000000000E+000,    0.00000000000000E+000,    0.00000000000000E+000,    0.00000000000000E+000,    0.00000000000000E+000 
    2.00000000000000E-006,    3.90600699566301E-001,    8.48119216897596E-001,    1.12719549638924E-004,    4.85460916754481E-020,    0.00000000000000E+000,    6.29250159499303E-020,    4.88065862639901E-020 
