001-TIME,002-Flux-Spec-001-BC_Xplus,003-TotalElectricCurrent-BC_Xplus
0.0000000000000000E+000,0.0000000000000000E+000,0.0000000000000000E+000
0.1000000000000000E-008,0.1248281052631579E+020,-.1999966605370011E+001
