001-TIME,002-Reaction001,003-Reaction002
0.00000000000000E+000,0.00000000000000E+000,0.00000000000000E+000
2.00000000000000E-008,5.20870263694952E-017,1.02190780979411E-016
