001-TIME,002-Reaction001,003-Reaction002
0.00000000000000E+000,0.00000000000000E+000,0.00000000000000E+000
2.00000000000000E-008,9.15768578347519E-017,1.80799027188375E-016
