001-TIME,002-VibRelaxRate001+003,003-Reaction001,004-Reaction002,005-Reaction003
0.00000000000000E+000,0.00000000000000E+000,0.00000000000000E+000,0.00000000000000E+000,0.00000000000000E+000
2.00000000000000E-009,4.67476826362824E-016,1.37049790786583E-014,3.02013053314338E-014,1.03705779895479E-015
