001-TIME,002-VibRelaxRate001+003,003-Reaction001,004-Reaction002,005-Reaction003
0.00000000000000E+000,0.00000000000000E+000,0.00000000000000E+000,0.00000000000000E+000,0.00000000000000E+000
2.00000000000000E-009,5.46056978117603E-016,6.05217321668016E-015,5.13303569640961E-014,4.64473763238438E-015
