001-TIME,002-VibRelaxRate001+003,003-Reaction001,004-Reaction002,005-Reaction003
0.00000000000000E+000,0.00000000000000E+000,0.00000000000000E+000,0.00000000000000E+000,0.00000000000000E+000
2.00000000000000E-009,4.36445174077497E-016,8.37654407495527E-015,4.27861418646960E-014,3.46603535606269E-015
