001-TIME,002-E-El,003-E-Mag,004-E-phi,005-E-psi,006-E-pot
1.00000000000000E-011,1.01038074948629E-018,1.01038074951750E-018,0.0,0.0,2.02076149900379E-018
