001-TIME,002-Reaction001,003-Reaction002,004-Reaction003,005-Reaction004,006-Reaction005,007-Reaction006,008-Reaction007,009-Reaction008
0.00000000000000E+000,0.00000000000000E+000,0.00000000000000E+000,0.00000000000000E+000,0.00000000000000E+000,0.00000000000000E+000,0.00000000000000E+000,0.00000000000000E+000,0.00000000000000E+000
2.00000000000000E-006,4.48243925964949E-018,4.51099667265519E-018,4.50423566038486E-018,4.38482317075765E-018,2.84338537682264E-045,2.84291453248543E-045,2.84320295036591E-045,2.84326371129036E-045
