001-TIME,002-Reaction001,003-Reaction002,004-Reaction003,005-Reaction004,006-Reaction005,007-Reaction006,008-Reaction007,009-Reaction008
0.00000000000000E+000,0.00000000000000E+000,0.00000000000000E+000,0.00000000000000E+000,0.00000000000000E+000,0.00000000000000E+000,0.00000000000000E+000,0.00000000000000E+000,0.00000000000000E+000
2.00000000000000E-006,8.36264159226809E-019,8.47388018328535E-019,9.01809694117426E-019,9.45199100000000E-019,6.01985643751414E-044,6.02032586165700E-044,6.02063334354648E-044,6.02159838120954E-044
