001-TIME,002-Reaction001,003-Reaction002,004-Reaction003,005-Reaction004,006-Reaction005,007-Reaction006,008-Reaction007,009-Reaction008
0.00000000000000E+000,0.00000000000000E+000,0.00000000000000E+000,0.00000000000000E+000,0.00000000000000E+000,0.00000000000000E+000,0.00000000000000E+000,0.00000000000000E+000,0.00000000000000E+000
2.00000000000000E-006,2.76908518784743E-018,2.78769278537671E-018,2.82937800677542E-018,2.57365535340679E-018,1.10526884141043E-044,1.10536575201678E-044,1.10531481851919E-044,1.10539926640177E-044
