001-TIME,002-VibRelaxRate001+003,003-VibRelaxRate001+004,004-VibRelaxRate001+005,005-Reaction001,006-Reaction002,007-Reaction003
0.0000000000000000E+000,0.0000000000000000E+000,0.0000000000000000E+000,0.0000000000000000E+000,0.0000000000000000E+000,0.0000000000000000E+000,0.0000000000000000E+000
0.1000000000000000E-007,0.0000000000000000E+000,0.0000000000000000E+000,0.0000000000000000E+000,0.8839060036536203E-016,0.7027703395979887E-015,0.5884031131909377E-015
