001-TIME,002-VibRelaxRate001+003,003-VibRelaxRate001+004,004-VibRelaxRate001+005,005-Reaction001,006-Reaction002,007-Reaction003
0.00000000000000E+000,0.00000000000000E+000,0.00000000000000E+000,0.00000000000000E+000,0.00000000000000E+000,0.00000000000000E+000,0.00000000000000E+000
1.00000000000000E-008,0.00000000000000E+000,0.00000000000000E+000,0.00000000000000E+000,5.94606498628517E-017,4.17425774289717E-016,3.40347154097131E-016
