001-TIME,002-VibRelaxRate001+003,003-VibRelaxRate001+004,004-VibRelaxRate001+005,005-Reaction001,006-Reaction002,007-Reaction003
0.0000000000000000E+000,0.0000000000000000E+000,0.0000000000000000E+000,0.0000000000000000E+000,0.0000000000000000E+000,0.0000000000000000E+000,0.0000000000000000E+000
0.1000000000000000E-007,0.0000000000000000E+000,0.0000000000000000E+000,0.0000000000000000E+000,0.5050176430840900E-016,0.4246853024349359E-015,0.3289371605895579E-015
