001-TIME,002-Reaction001,003-Reaction002
0.00000000000000E+000,0.00000000000000E+000,0.00000000000000E+000
2.00000000000000E-006,9.83978757029609E-020,6.06507884195653E-046
