001-TIME,002-Pmean     ,003-Pmax     ,004-MeanFreePath     ,005-Reaction001     ,006-Reaction002      
    0.00000000000000E+000,    0.00000000000000E+000,    0.00000000000000E+000,    0.00000000000000E+000,    0.00000000000000E+000,    0.00000000000000E+000 
    2.00000000000000E-006,    1.84736451747128E-001,    3.87524134845619E-001,    2.48612693137688E-004,    8.31852936078668E-018,    1.15805846548315E-046 
