001-TIME,002-Pmean     ,003-Pmax     ,004-MeanFreePath     ,005-Reaction001     ,006-Reaction002      
    0.00000000000000E+000,    0.00000000000000E+000,    0.00000000000000E+000,    0.00000000000000E+000,    0.00000000000000E+000,    0.00000000000000E+000 
    2.00000000000000E-006,    1.95655734558213E-001,    3.78947306952900E-001,    2.62291481166160E-004,    1.81939317134757E-017,    5.51491116248526E-047 
