001-TIME,002-NumDens-Spec-001,003-TempTra-001,004-TempVib001,005-XiVibMean001,006-TempRot001,007-TempTotal001,008-Pmean,009-Pmax,010-MeanFreePath
0.0000000000000000E+000,0.1000000000000000E+023,0.5000769421287198E+004,0.4948975354726982E+004,0.1575887951139208E+001,0.4996259759961257E+004,0.4986985584220915E+004,0.0000000000000000E+000,0.0000000000000000E+000,0.0000000000000000E+000
0.1000000000000000E-007,0.1000000000000000E+023,0.5003185373708683E+004,0.4949437828908193E+004,0.1575924331939683E+001,0.4992329660714551E+004,0.4987003087500717E+004,0.6100164229169058E-001,0.1040428012026279E+000,0.2977138906706071E-003
