001-TIME,002-VibRelaxRate001+004,003-Reaction001,004-Reaction002,005-Reaction003
0.00000000000000E+000,0.00000000000000E+000,0.00000000000000E+000,0.00000000000000E+000,0.00000000000000E+000
1.00000000000000E-007,2.50955975094571E-017,2.32276922460887E-016,3.00438447216130E-015,2.57592744599465E-016
