001-TIME,002-VibRelaxRate001+004,003-Reaction001,004-Reaction002,005-Reaction003
0.00000000000000E+000,0.00000000000000E+000,0.00000000000000E+000,0.00000000000000E+000,0.00000000000000E+000
1.00000000000000E-007,0.00000000000000E+000,1.97037978738293E-015,6.97991951790756E-016,0.00000000000000E+000
