001-TIME,002-VibRelaxRate001+004,003-Reaction001,004-Reaction002,005-Reaction003
0.00000000000000E+000,0.00000000000000E+000,0.00000000000000E+000,0.00000000000000E+000,0.00000000000000E+000
1.00000000000000E-007,2.95471380808395E-016,1.53056117239569E-017,4.36985725439904E-015,3.55682796452345E-016
