001-TIME,002-VibRelaxRate001+004,003-Reaction001,004-Reaction002,005-Reaction003
0.00000000000000E+000,0.00000000000000E+000,0.00000000000000E+000,0.00000000000000E+000,0.00000000000000E+000
1.00000000000000E-007,1.77180724338808E-018,6.98722697151023E-016,2.34196880818411E-015,1.01173196660584E-016
