001-TIME,002-Reaction001,003-Reaction002
0.00000000000000E+000,0.00000000000000E+000,0.00000000000000E+000
2.00000000000000E-006,1.84090866645329E-017,5.51380528419769E-047
