001-TIME,002-Reaction001,003-Reaction002
0.00000000000000E+000,0.00000000000000E+000,0.00000000000000E+000
2.00000000000000E-006,2.10355379343043E-018,2.39469405502255E-046
