001-TIME,002-ElecRelaxRate001+002-11.03,003-ElecRelaxRate001+002-12.25,004-ElecRelaxRate001+002-13.00,005-ElecRelaxRate001+002-8.16,006-ElecRelaxRate001+002-8.40,007-ElecRelaxRate001+002-8.55,008-ElecRelaxRate001+002-8.89
0.0000000000000000E+000,0.0000000000000000E+000,0.0000000000000000E+000,0.0000000000000000E+000,0.0000000000000000E+000,0.0000000000000000E+000,0.0000000000000000E+000,0.0000000000000000E+000
0.1000000000000000E-009,0.1876999999999885E+015,0.2829999999999827E+014,0.1423799999999913E+016,0.3059999999999813E+014,0.2269999999999861E+014,0.1813999999999889E+015,0.2399999999999853E+014
