001-TIME,002-ElecRelaxRate001+002-11.03,003-ElecRelaxRate001+002-12.25,004-ElecRelaxRate001+002-13.00,005-ElecRelaxRate001+002-8.16,006-ElecRelaxRate001+002-8.40,007-ElecRelaxRate001+002-8.55,008-ElecRelaxRate001+002-8.89
0.0000000000000000E+000,0.0000000000000000E+000,0.0000000000000000E+000,0.0000000000000000E+000,0.0000000000000000E+000,0.0000000000000000E+000,0.0000000000000000E+000,0.0000000000000000E+000
0.1000000000000000E-009,0.7729999999999527E+014,0.1779999999999891E+014,0.2665699999999837E+016,0.2169999999999867E+014,0.2089999999999872E+014,0.1495999999999908E+015,0.1019999999999938E+014
