001-TIME,002-ElecRelaxRate001+002-11.03,003-ElecRelaxRate001+002-12.25,004-ElecRelaxRate001+002-13.00,005-ElecRelaxRate001+002-8.16,006-ElecRelaxRate001+002-8.40,007-ElecRelaxRate001+002-8.55,008-ElecRelaxRate001+002-8.89
0.0000000000000000E+000,0.0000000000000000E+000,0.0000000000000000E+000,0.0000000000000000E+000,0.0000000000000000E+000,0.0000000000000000E+000,0.0000000000000000E+000,0.0000000000000000E+000
0.1000000000000000E-009,0.2584999999999842E+015,0.4149999999999746E+014,0.7905999999999516E+015,0.3919999999999760E+014,0.2879999999999824E+014,0.1981999999999879E+015,0.2869999999999825E+014
