001-TIME,002-ElecRelaxRate001+002-11.03,003-ElecRelaxRate001+002-12.25,004-ElecRelaxRate001+002-13.00,005-ElecRelaxRate001+002-8.16,006-ElecRelaxRate001+002-8.40,007-ElecRelaxRate001+002-8.55,008-ElecRelaxRate001+002-8.89
0.0000000000000000E+000,0.0000000000000000E+000,0.0000000000000000E+000,0.0000000000000000E+000,0.0000000000000000E+000,0.0000000000000000E+000,0.0000000000000000E+000,0.0000000000000000E+000
0.1000000000000000E-009,0.2499999999999847E+013,0.1209999999999926E+014,0.3670099999999776E+016,0.9399999999999426E+013,0.1999999999999878E+014,0.9309999999999430E+014,0.5899999999999639E+013
