001-TIME,002-ElecRelaxRate001+002-11.03,003-ElecRelaxRate001+002-12.25,004-ElecRelaxRate001+002-13.00,005-ElecRelaxRate001+002-8.16,006-ElecRelaxRate001+002-8.40,007-ElecRelaxRate001+002-8.55,008-ElecRelaxRate001+002-8.89
0.0000000000000000E+000,0.0000000000000000E+000,0.0000000000000000E+000,0.0000000000000000E+000,0.0000000000000000E+000,0.0000000000000000E+000,0.0000000000000000E+000,0.0000000000000000E+000
0.1000000000000000E-009,0.0000000000000000E+000,0.9099999999999443E+013,0.3840199999999765E+016,0.0000000000000000E+000,0.2069999999999873E+014,0.6949999999999575E+014,0.0000000000000000E+000
