001-TIME,002-nPart-Spec-001      
    0.00000000000000E+000,    4.76374000000000E+005 
    2.00000000000000E-008,    4.76506000000000E+005 
