001-TIME,002-Pmean     ,003-Pmax     ,004-MeanFreePath     ,005-RotRelaxPmean     ,006-RotRelaxPmax     ,007-VibRelaxPmean     ,008-VibRelaxPmax     ,009-VibRelaxRate001+004,010-VibRelaxRate002+004 
    0.00000000000000E+000,    0.00000000000000E+000,    0.00000000000000E+000,    0.00000000000000E+000,    2.00000000000000E-001,    2.00000000000000E-001,    0.00000000000000E+000,    0.00000000000000E+000,    0.00000000000000E+000,    0.00000000000000E+000 
    1.00000000000000E-012,    1.60805094175068E-002,    5.84088849838456E-001,    6.53040684498261E-006,    2.00000000000000E-001,    2.00000000000000E-001,    1.77339697808632E-002,    0.00000000000000E+000,    3.56365631137547E-015,    9.45970565800511E-015 
