001-TIME,002-Pmean     ,003-Pmax     ,004-MeanFreePath     ,005-RotRelaxPmean     ,006-RotRelaxPmax     ,007-VibRelaxPmean     ,008-VibRelaxPmax     ,009-VibRelaxRate001+004,010-VibRelaxRate002+004 
    0.00000000000000E+000,    0.00000000000000E+000,    0.00000000000000E+000,    0.00000000000000E+000,    2.00000000000000E-001,    2.00000000000000E-001,    0.00000000000000E+000,    0.00000000000000E+000,    0.00000000000000E+000,    0.00000000000000E+000 
    1.00000000000000E-012,    1.34642008968717E-002,    5.40566011291113E-001,    5.79468611390337E-006,    2.00000000000000E-001,    2.00000000000000E-001,    3.44721595846147E-002,    0.00000000000000E+000,    7.95315994210060E-015,    1.32485930564759E-014 
