001-TIME,002-Pmean,003-Pmax,004-MeanFreePath,005-RotRelaxPmean,006-RotRelaxPmax,007-VibRelaxPmean,008-VibRelaxPmax,009-VibRelaxRate001+004,010-VibRelaxRate002+004
0.00000000000000E+000,0.00000000000000E+000,0.00000000000000E+000,0.00000000000000E+000,2.00000000000000E-001,2.00000000000000E-001,0.00000000000000E+000,0.00000000000000E+000,0.00000000000000E+000,0.00000000000000E+000
1.00000000000000E-012,1.84178061838665E-002,6.46459908519344E-001,7.90007461546092E-006,2.00000000000000E-001,2.00000000000000E-001,7.68774501587622E-003,0.00000000000000E+000,2.90798359116454E-015,3.72882577524540E-015
