001-TIME,002-Pmean     ,003-Pmax     ,004-MeanFreePath     ,005-RotRelaxPmean     ,006-RotRelaxPmax     ,007-VibRelaxPmean     ,008-VibRelaxPmax     ,009-VibRelaxRate001+004,010-VibRelaxRate002+004 
    0.00000000000000E+000,    0.00000000000000E+000,    0.00000000000000E+000,    0.00000000000000E+000,    2.00000000000000E-001,    2.00000000000000E-001,    0.00000000000000E+000,    0.00000000000000E+000,    0.00000000000000E+000,    0.00000000000000E+000 
    1.00000000000000E-012,    7.41144429275935E-003,    5.74066681948593E-001,    3.92697166188826E-006,    2.00000000000000E-001,    2.00000000000000E-001,    1.06840799061561E-001,    0.00000000000000E+000,    3.46455463305351E-014,    5.00513526878577E-016 
