001-TIME,002-Pmean     ,003-Pmax     ,004-MeanFreePath     ,005-RotRelaxPmean     ,006-RotRelaxPmax     ,007-VibRelaxPmean     ,008-VibRelaxPmax     ,009-VibRelaxRate001+004,010-VibRelaxRate002+004 
    0.00000000000000E+000,    0.00000000000000E+000,    0.00000000000000E+000,    0.00000000000000E+000,    2.00000000000000E-001,    2.00000000000000E-001,    0.00000000000000E+000,    0.00000000000000E+000,    0.00000000000000E+000,    0.00000000000000E+000 
    1.00000000000000E-012,    6.65034827265383E-003,    6.11600324562509E-001,    4.07344809186350E-006,    2.00000000000000E-001,    2.00000000000000E-001,    5.93048967018995E-002,    0.00000000000000E+000,    1.70524958607531E-014,    5.60575150104007E-016 
