001-TIME,002-nPart-Spec-001
0.0000000000000000E+000,0.1004920000000000E+006
0.4000000000000000E-008,0.1004920000000000E+006
