001-TIME,002-Charge,003-Charge-absError,004-Charge-relError
1.00000000000000E-012,3.19851305719015E+002,5.84000281481110E-001,1.82252164647614E-003
