001-TIME,002-ElectricCurrentSEE-BC_Xplus,003-EnergyViolationRatioSEE-BC_Xplus,004-EnergyViolationAdditionSEE-BC_Xplus
0.0000000000000000E+000,0.0000000000000000E+000,0.0000000000000000E+000,0.0000000000000000E+000
0.5000000000000002E-009,0.4005029990691832E+001,0.2160570602494174E+000,0.9111113725850646E-001
0.1000000000000000E-008,0.3999592739789659E+001,0.2162274665368829E+000,0.9128691058774921E-001
