  TIME     ,002-Pmean     ,003-Pmax     ,004-MeanFreePath     ,005-Reaction001     ,006-Reaction002     ,007-Reaction003     ,008-Reaction004      
    0.00000000000000E+000,    0.00000000000000E+000,    0.00000000000000E+000,    0.00000000000000E+000,    0.00000000000000E+000,    0.00000000000000E+000,    0.00000000000000E+000,    0.00000000000000E+000 
    0.10000000000000E-005,    0.39409990990003E+000,    0.81475071908906E+000,    0.15943659950505E-003,    0.33069082315260E-015,    0.00000000000000E+000,    0.33106125960543E-015,    0.33176985174904E-015 
