  TIME     ,002-Pmean     ,003-Pmax     ,004-MeanFreePath     ,005-Reaction001     ,006-Reaction002     ,007-Reaction003     ,008-Reaction004      
    0.00000000000000E+000,    0.00000000000000E+000,    0.00000000000000E+000,    0.00000000000000E+000,    0.00000000000000E+000,    0.00000000000000E+000,    0.00000000000000E+000,    0.00000000000000E+000 
    0.10000000000000E-005,    0.25941934680439E+000,    0.55247767051636E+000,    0.10834035653210E-003,    0.13646205279052E-020,    0.00000000000000E+000,    0.29600945568253E-020,    0.00000000000000E+000 
