  TIME     ,002-Pmean     ,003-Pmax     ,004-MeanFreePath     ,005-Reaction001     ,006-Reaction002     ,007-Reaction003     ,008-Reaction004      
    0.00000000000000E+000,    0.00000000000000E+000,    0.00000000000000E+000,    0.00000000000000E+000,    0.00000000000000E+000,    0.00000000000000E+000,    0.00000000000000E+000,    0.00000000000000E+000 
    0.10000000000000E-005,    0.38315839715943E+000,    0.78700283490428E+000,    0.15545708603982E-003,    0.40103988302794E-015,    0.00000000000000E+000,    0.41226294868713E-015,    0.41509791921114E-015 
