  TIME     ,002-Pmean     ,003-Pmax     ,004-MeanFreePath     ,005-Reaction001     ,006-Reaction002     ,007-Reaction003     ,008-Reaction004      
    0.00000000000000E+000,    0.00000000000000E+000,    0.00000000000000E+000,    0.00000000000000E+000,    0.00000000000000E+000,    0.00000000000000E+000,    0.00000000000000E+000,    0.00000000000000E+000 
    0.10000000000000E-005,    0.37197904940557E+000,    0.77114627659717E+000,    0.15112456085330E-003,    0.48954071352777E-015,    0.00000000000000E+000,    0.47833791767699E-015,    0.49233867597238E-015 
