  TIME     ,002-Pmean     ,003-Pmax     ,004-MeanFreePath     ,005-Reaction001     ,006-Reaction002     ,007-Reaction003     ,008-Reaction004      
    0.00000000000000E+000,    0.00000000000000E+000,    0.00000000000000E+000,    0.00000000000000E+000,    0.00000000000000E+000,    0.00000000000000E+000,    0.00000000000000E+000,    0.00000000000000E+000 
    0.10000000000000E-005,    0.31047786607575E+000,    0.68615952131917E+000,    0.12795727907908E-003,    0.82890702362555E-016,    0.00000000000000E+000,    0.90175588025824E-016,    0.72904647254304E-016 
