  TIME     ,002-Pmean     ,003-Pmax     ,004-MeanFreePath     ,005-Reaction001     ,006-Reaction002     ,007-Reaction003     ,008-Reaction004      
    0.00000000000000E+000,    0.00000000000000E+000,    0.00000000000000E+000,    0.00000000000000E+000,    0.00000000000000E+000,    0.00000000000000E+000,    0.00000000000000E+000,    0.00000000000000E+000 
    0.20000000000000E-005,    0.33248321027468E+000,    0.74094753095960E+000,    0.13471429290015E-003,    0.55690306526039E-015,    0.00000000000000E+000,    0.56946365395870E-015,    0.51208141134655E-015 
