  TIME     ,002-Pmean     ,003-Pmax     ,004-MeanFreePath     ,005-Reaction001     ,006-Reaction002     ,007-Reaction003     ,008-Reaction004      
    0.00000000000000E+000,    0.00000000000000E+000,    0.00000000000000E+000,    0.00000000000000E+000,    0.00000000000000E+000,    0.00000000000000E+000,    0.00000000000000E+000,    0.00000000000000E+000 
    0.20000000000000E-005,    0.39831147824188E+000,    0.88174709581191E+000,    0.15909312646060E-003,    0.65056037469549E-015,    0.00000000000000E+000,    0.65815889370033E-015,    0.66823200468281E-015 
