  TIME     ,002-Pmean     ,003-Pmax     ,004-MeanFreePath     ,005-Reaction001     ,006-Reaction002     ,007-Reaction003     ,008-Reaction004      
    0.00000000000000E+000,    0.00000000000000E+000,    0.00000000000000E+000,    0.00000000000000E+000,    0.00000000000000E+000,    0.00000000000000E+000,    0.00000000000000E+000,    0.00000000000000E+000 
    0.10000000000000E-005,    0.28814543223463E+000,    0.60686233029400E+000,    0.11941105882230E-003,    0.50065636852113E-017,    0.00000000000000E+000,    0.59477153579943E-017,    0.35176836454193E-017 
