  TIME     ,002-Pmean     ,003-Pmax     ,004-MeanFreePath     ,005-Reaction001     ,006-Reaction002     ,007-Reaction003     ,008-Reaction004      
    0.00000000000000E+000,    0.00000000000000E+000,    0.00000000000000E+000,    0.00000000000000E+000,    0.00000000000000E+000,    0.00000000000000E+000,    0.00000000000000E+000,    0.00000000000000E+000 
    0.10000000000000E-005,    0.34514618115210E+000,    0.74127898223222E+000,    0.14103872641787E-003,    0.44400958214832E-015,    0.00000000000000E+000,    0.45192441164780E-015,    0.43131041377550E-015 
