  TIME     ,002-Pmean     ,003-Pmax     ,004-MeanFreePath     ,005-Reaction001     ,006-Reaction002     ,007-Reaction003     ,008-Reaction004      
    0.00000000000000E+000,    0.00000000000000E+000,    0.00000000000000E+000,    0.00000000000000E+000,    0.00000000000000E+000,    0.00000000000000E+000,    0.00000000000000E+000,    0.00000000000000E+000 
    0.10000000000000E-005,    0.35910346754783E+000,    0.78479755685023E+000,    0.14635295209884E-003,    0.51455680778419E-015,    0.00000000000000E+000,    0.51232390608374E-015,    0.52400476161033E-015 
