  TIME     ,002-Pmean     ,003-Pmax     ,004-MeanFreePath     ,005-Reaction001     ,006-Reaction002     ,007-Reaction003     ,008-Reaction004      
    0.00000000000000E+000,    0.00000000000000E+000,    0.00000000000000E+000,    0.00000000000000E+000,    0.00000000000000E+000,    0.00000000000000E+000,    0.00000000000000E+000,    0.00000000000000E+000 
    0.10000000000000E-005,    0.32885131317678E+000,    0.71169736504396E+000,    0.13499966885713E-003,    0.27978865579459E-015,    0.00000000000000E+000,    0.28625856105116E-015,    0.25486353060339E-015 
