001-TIME,002-nPart-Spec-001
0.1000000000000000E+000,0.1000000000000000E+006
