001-TIME,002-nRealPartOut-Spec-002-BC_left
0.6000000000000000E-008,0.3000000000000000E+003
