  TIME     ,002-nPart-Spec-001     ,003-nPart-Spec-002     ,004-nPart-Spec-003     ,005-nPart-Spec-004     ,006-nPart-Spec-005     ,007-Pmean     ,008-Pmax     ,009-MeanFreePath     ,010-Reaction001     ,011-Reaction002      
    0.00000000000000E+000,    0.20000000000000E+006,    0.00000000000000E+000,    0.00000000000000E+000,    0.20000000000000E+006,    0.40000000000000E+006,    0.00000000000000E+000,    0.00000000000000E+000,    0.00000000000000E+000,    0.00000000000000E+000,    0.00000000000000E+000 
    0.20000000000000E-005,    0.20000000000000E+006,    0.00000000000000E+000,    0.00000000000000E+000,    0.20000000000000E+006,    0.40000000000000E+006,    0.34354467845465E+000,    0.82538890819512E+000,    0.20693608678200E-003,    0.10975764399447E-013,    0.00000000000000E+000 
