  TIME     ,002-nPart-Spec-001     ,003-nPart-Spec-002     ,004-nPart-Spec-003     ,005-nPart-Spec-004     ,006-nPart-Spec-005     ,007-Pmean     ,008-Pmax     ,009-MeanFreePath     ,010-Reaction001     ,011-Reaction002      
    0.00000000000000E+000,    0.10000000000000E+006,    0.00000000000000E+000,    0.00000000000000E+000,    0.10000000000000E+006,    0.20000000000000E+006,    0.00000000000000E+000,    0.00000000000000E+000,    0.00000000000000E+000,    0.00000000000000E+000,    0.00000000000000E+000 
    0.10000000000000E-005,    0.10000000000000E+006,    0.00000000000000E+000,    0.00000000000000E+000,    0.10000000000000E+006,    0.20000000000000E+006,    0.33427983590627E+000,    0.77600923346530E+000,    0.20177800879311E-003,    0.53351447587389E-014,    0.00000000000000E+000 
