  TIME     ,002-nPart-Spec-001     ,003-nPart-Spec-002     ,004-nPart-Spec-003     ,005-nPart-Spec-004     ,006-nPart-Spec-005     ,007-Pmean     ,008-Pmax     ,009-MeanFreePath     ,010-Reaction001     ,011-Reaction002      
    0.00000000000000E+000,    0.10000000000000E+006,    0.00000000000000E+000,    0.00000000000000E+000,    0.10000000000000E+006,    0.20000000000000E+006,    0.00000000000000E+000,    0.00000000000000E+000,    0.00000000000000E+000,    0.00000000000000E+000,    0.00000000000000E+000 
    0.10000000000000E-005,    0.10000000000000E+006,    0.00000000000000E+000,    0.00000000000000E+000,    0.10000000000000E+006,    0.20000000000000E+006,    0.28697622028797E+000,    0.66915689021744E+000,    0.17523742126020E-003,    0.37112548665470E-014,    0.00000000000000E+000 
