001-TIME,002-Pmean     ,003-Pmax     ,004-MeanFreePath     ,005-Reaction001     ,006-Reaction002     ,007-Reaction003     ,008-Reaction004     ,009-Reaction005     ,010-Reaction006     ,011-Reaction007     ,012-Reaction008      
    0.00000000000000E+000,    0.00000000000000E+000,    0.00000000000000E+000,    0.00000000000000E+000,    0.00000000000000E+000,    0.00000000000000E+000,    0.00000000000000E+000,    0.00000000000000E+000,    0.00000000000000E+000,    0.00000000000000E+000,    0.00000000000000E+000,    0.00000000000000E+000 
    2.00000000000000E-006,    4.75467101401984E-001,    1.06367183908316E+000,    6.10664321014630E-005,    4.69124024331493E-023,    3.58390443174712E-023,    9.31875539184877E-023,    0.00000000000000E+000,    1.57962382345141E-041,    1.57736687719210E-041,    1.57657621916655E-041,    1.57780789236166E-041 
