001-TIME,002-Reaction001,003-Reaction002,004-Reaction003,005-Reaction004,006-Reaction005,007-Reaction006,008-Reaction007,009-Reaction008
0.00000000000000E+000,0.00000000000000E+000,0.00000000000000E+000,0.00000000000000E+000,0.00000000000000E+000,0.00000000000000E+000,0.00000000000000E+000,0.00000000000000E+000,0.00000000000000E+000
2.00000000000000E-006,5.00780778466026E-020,5.14741949532687E-020,5.85436024540369E-020,4.76428000000000E-020,5.70701049442107E-043,5.70715533862200E-043,5.70816555862093E-043,5.70735868183586E-043
