001-TIME,002-Pmean     ,003-Pmax     ,004-MeanFreePath     ,005-Reaction001     ,006-Reaction002     ,007-Reaction003     ,008-Reaction004     ,009-Reaction005     ,010-Reaction006     ,011-Reaction007     ,012-Reaction008      
    0.00000000000000E+000,    0.00000000000000E+000,    0.00000000000000E+000,    0.00000000000000E+000,    0.00000000000000E+000,    0.00000000000000E+000,    0.00000000000000E+000,    0.00000000000000E+000,    0.00000000000000E+000,    0.00000000000000E+000,    0.00000000000000E+000,    0.00000000000000E+000 
    2.00000000000000E-006,    6.34709370424739E-001,    1.34692015881952E+000,    7.94781831131899E-005,    4.41862405471771E-018,    4.47820334728395E-018,    4.46995184911134E-018,    4.41594057057621E-018,    2.85177968592836E-045,    2.85324195973287E-045,    2.85697100734417E-045,    2.85497169412341E-045 
