001-TIME,002-Pmean     ,003-Pmax     ,004-MeanFreePath     ,005-Reaction001     ,006-Reaction002     ,007-Reaction003     ,008-Reaction004     ,009-Reaction005     ,010-Reaction006     ,011-Reaction007     ,012-Reaction008      
    0.00000000000000E+000,    0.00000000000000E+000,    0.00000000000000E+000,    0.00000000000000E+000,    0.00000000000000E+000,    0.00000000000000E+000,    0.00000000000000E+000,    0.00000000000000E+000,    0.00000000000000E+000,    0.00000000000000E+000,    0.00000000000000E+000,    0.00000000000000E+000 
    2.00000000000000E-006,    5.69485873061297E-001,    1.26505259898358E+000,    7.21072982186938E-005,    8.13465792071023E-019,    8.34215197145349E-019,    8.67039578626362E-019,    7.09602184557088E-019,    6.03151653177733E-044,    6.03326701220202E-044,    6.02541663623519E-044,    6.03175301247017E-044 
