001-TIME,002-Pmean     ,003-Pmax     ,004-MeanFreePath     ,005-Reaction001     ,006-Reaction002     ,007-Reaction003     ,008-Reaction004     ,009-Reaction005     ,010-Reaction006     ,011-Reaction007     ,012-Reaction008      
    0.00000000000000E+000,    0.00000000000000E+000,    0.00000000000000E+000,    0.00000000000000E+000,    0.00000000000000E+000,    0.00000000000000E+000,    0.00000000000000E+000,    0.00000000000000E+000,    0.00000000000000E+000,    0.00000000000000E+000,    0.00000000000000E+000,    0.00000000000000E+000 
    2.00000000000000E-006,    5.28198774925990E-001,    1.12688092719111E+000,    6.72949762218621E-005,    5.06938488140407E-020,    5.33426816292795E-020,    5.20323844326538E-020,    3.95006639649250E-020,    5.71508553381392E-043,    5.70716825156790E-043,    5.70822782382871E-043,    5.70569951967300E-043 
