001-TIME,002-Pmean     ,003-Pmax     ,004-MeanFreePath     ,005-Reaction001     ,006-Reaction002     ,007-Reaction003     ,008-Reaction004     ,009-Reaction005     ,010-Reaction006     ,011-Reaction007     ,012-Reaction008      
    0.00000000000000E+000,    0.00000000000000E+000,    0.00000000000000E+000,    0.00000000000000E+000,    0.00000000000000E+000,    0.00000000000000E+000,    0.00000000000000E+000,    0.00000000000000E+000,    0.00000000000000E+000,    0.00000000000000E+000,    0.00000000000000E+000,    0.00000000000000E+000 
    2.00000000000000E-006,    6.02920308664949E-001,    1.27158888713593E+000,    7.60743337622337E-005,    2.69842396276384E-018,    2.74042915935261E-018,    2.74881799314178E-018,    2.47538115006099E-018,    1.10763953642383E-044,    1.10836104947868E-044,    1.10621137643465E-044,    1.10854973898693E-044 
