001-TIME,002-nSimPart-Wall-Spec-001   ,003-nSimPart-Wall-Spec-002   ,004-nSurfPart-Wall-Spec-001   ,005-nSurfPart-Wall-Spec-002   ,006-Surf-Cov-001   ,007-Surf-Cov-002   ,008-N_Des-Spec-001   ,009-N_Des-Spec-002   ,010-P_Des-Spec-001   ,011-P_Des-Spec-002   ,012-WallTemp-001    
    0.00000000000000E+000,            778505,                 0,              2030,                 0,    8.45833333333333E-001,    0.00000000000000E+000,                 0,                 0,    0.00000000000000E+000,    0.00000000000000E+000,    0.00000000000000E+000 
    1.99999999999993E+002,                 3,             19557,                 0,               510,    3.25945241165454E-006,    2.12483702737940E-001,            680711,                 0,    0.00000000000000E+000,    0.00000000000000E+000,    4.99800000000000E+002 
    4.00000000000022E+002,                 0,               384,                 0,                10,    0.00000000000000E+000,    4.18296392872665E-003,             95875,                 0,    0.00000000000000E+000,    0.00000000000000E+000,    8.99800000000000E+002 
    6.00000000000000E+002,                 1,                 2,                 0,                 0,    2.17296827466319E-006,    2.17296827466473E-005,              1534,                76,    0.00000000000000E+000,    0.00000000000000E+000,    1.29979999918596E+003 
