001-TIME,002-Pmean     ,003-Pmax     ,004-MeanFreePath     ,005-Reaction001     ,006-Reaction002     ,007-Reaction003     ,008-Reaction004      
    0.00000000000000E+000,    0.00000000000000E+000,    0.00000000000000E+000,    0.00000000000000E+000,    0.00000000000000E+000,    0.00000000000000E+000,    0.00000000000000E+000,    0.00000000000000E+000 
    4.00000000000000E-007,    3.42902945474998E-001,    6.42407305732380E-001,    2.32125310293342E-005,    5.09797236464857E-018,    9.96194354319274E-018,    0.00000000000000E+000,    0.00000000000000E+000 
