001-TIME,002-Pmean     ,003-Pmax     ,004-MeanFreePath     ,005-Reaction001     ,006-Reaction002     ,007-Reaction003     ,008-Reaction004      
    0.00000000000000E+000,    0.00000000000000E+000,    0.00000000000000E+000,    0.00000000000000E+000,    0.00000000000000E+000,    0.00000000000000E+000,    0.00000000000000E+000,    0.00000000000000E+000 
    4.00000000000000E-007,    3.92436858786871E-001,    7.23095498488399E-001,    2.62401440412165E-005,    6.39624097739351E-017,    1.23646477006208E-016,    0.00000000000000E+000,    0.00000000000000E+000 
