001-TIME,002-Pmean     ,003-Pmax     ,004-MeanFreePath     ,005-Reaction001     ,006-Reaction002     ,007-Reaction003     ,008-Reaction004      
    0.00000000000000E+000,    0.00000000000000E+000,    0.00000000000000E+000,    0.00000000000000E+000,    0.00000000000000E+000,    0.00000000000000E+000,    0.00000000000000E+000,    0.00000000000000E+000 
    4.00000000000000E-007,    4.10643012823997E-001,    8.35358188715707E-001,    2.74136354995714E-005,    1.14869555512431E-016,    2.20250175226843E-016,    0.00000000000000E+000,    0.00000000000000E+000 
