001-TIME,002-Reaction001,003-Reaction002
0.00000000000000E+000,0.00000000000000E+000,0.00000000000000E+000
4.00000000000000E-007,4.99015702781710E-018,1.01343482407205E-017
