001-TIME,002-Pmean     ,003-Pmax     ,004-MeanFreePath     ,005-Reaction001     ,006-Reaction002     ,007-Reaction003     ,008-Reaction004      
    0.00000000000000E+000,    0.00000000000000E+000,    0.00000000000000E+000,    0.00000000000000E+000,    0.00000000000000E+000,    0.00000000000000E+000,    0.00000000000000E+000,    0.00000000000000E+000 
    4.00000000000000E-007,    3.08063439893142E-001,    5.98963505970507E-001,    2.10598902311607E-005,    1.65177307838392E-019,    3.60386853465583E-019,    0.00000000000000E+000,    0.00000000000000E+000 
