001-TIME,002-Pmean     ,003-Pmax     ,004-MeanFreePath     ,005-Reaction001     ,006-Reaction002     ,007-Reaction003     ,008-Reaction004      
    0.00000000000000E+000,    0.00000000000000E+000,    0.00000000000000E+000,    0.00000000000000E+000,    0.00000000000000E+000,    0.00000000000000E+000,    0.00000000000000E+000,    0.00000000000000E+000 
    4.00000000000000E-007,    3.68871592088154E-001,    7.20213645669795E-001,    2.48717264290110E-005,    2.52033042210080E-017,    4.93191911654133E-017,    0.00000000000000E+000,    0.00000000000000E+000 
