001-TIME,002-ElectricCurrentSEE-BC_Xplus
0.0000000000000000E+000,0.0000000000000000E+000
0.5000000000000002E-009,0.3034708723465202E+001
0.1000000000000000E-008,0.3037481567879241E+001
