001-TIME,002-ElectricCurrentSEE-BC_Xplus
0.0000000000000000E+000,0.0000000000000000E+000
0.5000000000000002E-009,0.5132605211333858E+000
0.1000000000000000E-008,0.5134719430403766E+000
