001-TIME,002-ElectricCurrentSEE-BC_Xplus
0.0000000000000000E+000,0.0000000000000000E+000
0.5000000000000002E-009,0.3274958363886915E+001
0.1000000000000000E-008,0.3274493144138773E+001
