001-TIME,002-nPart-Spec-001
2.00020000000000E-003,2.9436300E+05
