001-TIME,002-nPart-Spec-001
2.00020000000000E-003,3.04603000000000e+05
