001-TIME,002-Reaction001     ,003-Reaction002      
    0.00000000000000E+000,    0.00000000000000E+000,    0.00000000000000E+000 
    2.00000000000000E-009,    5.21096518448744E-014,    4.57316462791983E-015 
