001-TIME,002-Reaction001     ,003-Reaction002      
    0.00000000000000E+000,    0.00000000000000E+000,    0.00000000000000E+000 
    2.00000000000000E-009,    5.17673026486944E-014,    4.68477847404286E-015 
