001-TIME,002-Reaction001     ,003-Reaction002      
    0.00000000000000E+000,    0.00000000000000E+000,    0.00000000000000E+000 
    2.00000000000000E-009,    3.02563614887142E-014,    1.11563795070957E-015 
