001-TIME,002-E-El      ,003 -E-Mag    ,004 -E-pot                  
    1.00000000000000E-009,    1.77083672602831E-011,    1.77083672321701E-011,    3.54167344924533E-011 
