001-TIME,002-Massflow-Spec-001-SF-001
0.0000000000000000E+000,0.0000000000000000E+000
0.1000000000000000E-008,0.1137110199999998E-010
