001-TIME,002-Reaction001     ,003-Reaction002     ,004-Reaction003      
    0.00000000000000E+000,    0.00000000000000E+000,    0.00000000000000E+000,    0.00000000000000E+000 
    1.00000000000000E-007,    2.29736331057655E-015,    6.03495565476725E-016,    0.00000000000000E+000 
