001-TIME,002-Reaction001     ,003-Reaction002     ,004-Reaction003      
    0.00000000000000E+000,    0.00000000000000E+000,    0.00000000000000E+000,    0.00000000000000E+000 
    1.00000000000000E-007,    2.34228913491738E-016,    3.00711725960449E-015,    2.54960059260420E-016 
