001-TIME,002-Reaction001     ,003-Reaction002     ,004-Reaction003      
    0.00000000000000E+000,    0.00000000000000E+000,    0.00000000000000E+000,    0.00000000000000E+000 
    1.00000000000000E-007,    1.97247192135959E-015,    6.98432401048999E-016,    0.00000000000000E+000 
