001-TIME,002-Reaction001     ,003-Reaction002     ,004-Reaction003      
    0.00000000000000E+000,    0.00000000000000E+000,    0.00000000000000E+000,    0.00000000000000E+000 
    1.00000000000000E-007,    1.38442211055262E-015,    1.73534004684761E-015,    3.95403311377565E-018 
