001-TIME,002-Reaction001     ,003-Reaction002     ,004-Reaction003      
    0.00000000000000E+000,    0.00000000000000E+000,    0.00000000000000E+000,    0.00000000000000E+000 
    1.00000000000000E-007,    5.20530941560339E-019,    5.91069891289055E-015,    4.10098300266230E-016 
