001-TIME,002-VibRelaxRate001+004,003-Reaction001     ,004-Reaction002     ,005-Reaction003      
    0.00000000000000E+000,    0.00000000000000E+000,    0.00000000000000E+000,    0.00000000000000E+000,    0.00000000000000E+000 
    1.00000000000000E-007,    3.00306312438657E-020,    1.37967727081609E-015,    1.73909387575309E-015,    3.65372680133699E-018 
