001-TIME,002-GranularSpecDragForceX,003-GranularSpecDragForceY,004-GranularSpecDragForceZ,005-GranularSpecHeat
0.0000000000000000E+000,0.0000000000000000E+000,0.0000000000000000E+000,0.0000000000000000E+000,0.0000000000000000E+000
0.1000000000000000E-003,-.2464782794194946E-009,0.1174237728040716E-012,0.1185441806616872E-012,0.1057488212980812E-006
