001-TIME,002-GranularSpecDragForceX,003-GranularSpecDragForceY,004-GranularSpecDragForceZ,005-GranularSpecHeat
0.0000000000000000E+000,0.0000000000000000E+000,0.0000000000000000E+000,0.0000000000000000E+000,0.0000000000000000E+000
0.1000000000000000E-003,-.1370757702756844E-011,0.9645086082276123E-013,0.1470243719609248E-012,-.2747056569246502E-011
