001-TIME,002-CollRate001+001,003-CollRate001+002,004-CollRate001+003,005-CollRate002+002,006-CollRate002+003,007-CollRate003+003,008-TotalCollRate,009-BackscatterCollRate001+003,010-ElecRelaxRate001+002-19.82,011-ElecRelaxRate001+002-20.61,012-Reaction001
0.0000000000000000E+000,0.0000000000000000E+000,0.0000000000000000E+000,0.0000000000000000E+000,0.0000000000000000E+000,0.0000000000000000E+000,0.0000000000000000E+000,0.0000000000000000E+000,0.8887599801088278E+253,0.0000000000000000E+000,0.0000000000000000E+000,0.0000000000000000E+000
0.2000000000000000E-008,0.0000000000000000E+000,0.4786700000000000E+014,0.2676900000000000E+014,0.0000000000000000E+000,0.0000000000000000E+000,0.0000000000000000E+000,0.7463600000000000E+014,0.2600050000000000E+014,0.8400000000000000E+011,0.1233800000000000E+014,0.2860167370718133E-013
