001-TIME,002-PCoupled,003-PCoupledMoAv,004-CoupledPowerPotential-[V]
0.6870000000000000E-007,0.9912010969202266E-010,0.9975393075002353E-010,0.2634426792669439E+003
