001-TIME,002-PCoupled,003-PCoupledMoAv,004-CoupledPowerPotential-[V]
0.4100000000000000E-007,0.1008849463872631E-009,0.1028420650314355E-009,0.2060499015699924E+003
