001-TIME,002-nPart-Spec-001,003-nPartIn-Spec-001,004-nPartOut-Spec-001,005-EkinIn-001,006-EkinOut-001
0.1000000000000000E-003,0.9431000000000000E+004,0.0000000000000000E+000,0.0000000000000000E+000,0.0000000000000000E+000,0.0000000000000000E+000
