001-TIME,002-Pmean,003-Pmax,004-MeanFreePath,005-Reaction001,006-Reaction002,007-Reaction003,008-Reaction004,009-Reaction005
0.00000000000000E+000,0.00000000000000E+000,0.00000000000000E+000,0.00000000000000E+000,0.00000000000000E+000,0.00000000000000E+000,0.00000000000000E+000,0.00000000000000E+000,0.00000000000000E+000
1.00000000000000E-007,4.15119539713157E-001,7.81552614396978E-001,1.46013945833773E-005,5.65915325730076E-018,1.71194379397845E-016,5.46193901126186E-018,5.64365826162393E-018,1.71913416028807E-016
