001-TIME,002-Pmean     ,003-Pmax     ,004-MeanFreePath     ,005-Reaction001     ,006-Reaction002      
    0.00000000000000E+000,    0.00000000000000E+000,    0.00000000000000E+000,    0.00000000000000E+000,    0.00000000000000E+000,    0.00000000000000E+000 
    1.00000000000000E-008,    1.62504777407371E-001,    5.78762744900870E-001,    1.63459272790955E-004,    2.60692623990642E-015,    4.23251558392965E-040 
