001-TIME,002-Reaction001,003-Reaction002
0.00000000000000E+000,0.00000000000000E+000,0.00000000000000E+000
1.00000000000000E-008,7.51974159522531E-015,2.66817995972102E-040
