001-TIME,002-Pmean     ,003-Pmax     ,004-MeanFreePath     ,005-Reaction001     ,006-Reaction002      
    0.00000000000000E+000,    0.00000000000000E+000,    0.00000000000000E+000,    0.00000000000000E+000,    0.00000000000000E+000,    0.00000000000000E+000 
    1.00000000000000E-008,    1.62382079250999E-001,    5.87641974579477E-001,    5.76603443302602E-005,    2.60488198921171E-015,    4.27743518684393E-040 
