001-TIME,002-Charge,003-Charge-absError,004-Charge-relError
1.00000000000000E-012,3.20027952687556E+002,4.07353312940074E-001,1.27124978213057E-003
