001-TIME,002-Charge,003-Charge-absError,004-Charge-relError
1.00000000000000E-012,3.20435306000000E+002,4.95447238790803E-010,1.54616931877674E-012
