001-TIME,002-Charge,003-Charge-absError,004-Charge-relError
1.00000000000000E-012,3.20435305999999E+002,4.97209384775488E-010,1.55166854421066E-012
