001-TIME,002-VibRelaxRate001+003,003-VibRelaxRate001+004,004-VibRelaxRate001+005,005-Reaction001     ,006-Reaction002     ,007-Reaction003     ,008-Reaction004      
    0.00000000000000E+000,    0.00000000000000E+000,    0.00000000000000E+000,    0.00000000000000E+000,    0.00000000000000E+000,    0.00000000000000E+000,    0.00000000000000E+000,    0.00000000000000E+000 
    1.00000000000000E-008,    0.00000000000000E+000,    0.00000000000000E+000,    0.00000000000000E+000,    1.55158261426633E-017,    1.74878375943438E-016,    7.65781096718545E-017,    4.61470700114051E-017 
