001-TIME,002-VibRelaxRate001+003,003-VibRelaxRate001+004,004-VibRelaxRate001+005,005-Reaction001     ,006-Reaction002     ,007-Reaction003     ,008-Reaction004      
    0.00000000000000E+000,    0.00000000000000E+000,    0.00000000000000E+000,    0.00000000000000E+000,    0.00000000000000E+000,    0.00000000000000E+000,    0.00000000000000E+000,    0.00000000000000E+000 
    1.00000000000000E-008,    0.00000000000000E+000,    0.00000000000000E+000,    0.00000000000000E+000,    1.27329876473986E-016,    1.02594646539456E-015,    7.48763739013688E-016,    1.35838555326414E-016 
