001-TIME,002-VibRelaxRate001+003,003-VibRelaxRate001+004,004-VibRelaxRate001+005,005-Reaction001,006-Reaction002,007-Reaction003
0.00000000000000E+000,0.00000000000000E+000,0.00000000000000E+000,0.00000000000000E+000,0.00000000000000E+000,0.00000000000000E+000,0.00000000000000E+000
1.00000000000000E-008,0.00000000000000E+000,0.00000000000000E+000,0.00000000000000E+000,1.34737432180805E-016,1.02724779274846E-015,8.94111994233992E-016
