001-TIME,002-NumDens-Spe001,003-TempTra-001,004-TempVib001,005-XiVibMean001,006-TempRot001,007-TempTotal001
0.00000000000000E+000,0.00000000000000E+000,0.00000000000000E+000,0.00000000000000E+000,0.00000000000000E+000,0.00000000000000E+000,0.00000000000000E+000
1.00000000000000E-008,1.00201430297027E+021,4.92760615350234E+003,4.98353136944886E+003,1.57858935500910E+000,5.05199540754531E+003,4.97884228338770E+003
