001-TIME,002-VibRelaxRate001+004,003-Reaction001,004-Reaction002,005-Reaction003
0.00000000000000E+000,0.00000000000000E+000,0.00000000000000E+000,0.00000000000000E+000,0.00000000000000E+000
1.00000000000000E-007,0.00000000000000E+000,2.28432000640630E-015,5.10570782197790E-016,0.00000000000000E+000
