001-TIME,002-nPart-Spec-001     ,003-TempTra-001     ,004-TempVib001     ,005-XiVibMean001     ,006-TempRot001     ,007-TempTotal001      
    0.00000000000000E+000,    0.00000000000000E+000,    0.00000000000000E+000,    0.00000000000000E+000,    0.00000000000000E+000,    0.00000000000000E+000,    0.00000000000000E+000 
    1.00000000000000E-008,    2.52270000000000E+004,    4.97613896182095E+003,    4.97953448415650E+003,    1.57827864916603E+000,    5.06444116923762E+003,    5.00380022473528E+003 
