001-TIME,002-nPart-Spec-001     ,003-TempTra-001     ,004-TempVib001     ,005-XiVibMean001     ,006-TempRot001     ,007-TempTotal001      
    0.00000000000000E+000,    0.00000000000000E+000,    0.00000000000000E+000,    0.00000000000000E+000,    0.00000000000000E+000,    0.00000000000000E+000,    0.00000000000000E+000 
    1.00000000000000E-008,    3.21380000000000E+004,    5.00834417023628E+003,    5.02250475049300E+003,    1.58159536288175E+000,    5.02255421996830E+003,    5.01606515652182E+003 
