001-TIME,002-nPart-Spec-001     ,003-TempTra-001     ,004-TempVib001     ,005-XiVibMean001     ,006-TempRot001     ,007-TempTotal001      
    0.00000000000000E+000,    0.00000000000000E+000,    0.00000000000000E+000,    0.00000000000000E+000,    0.00000000000000E+000,    0.00000000000000E+000,    0.00000000000000E+000 
    1.00000000000000E-008,    1.61730000000000E+004,    4.99653574928420E+003,    4.92049563952856E+003,    1.57363557093490E+000,    5.00090593395881E+003,    4.97966242994924E+003 
