001-TIME,002-nPart-Spec-001     ,003-TempTra-001     ,004-TempVib001     ,005-XiVibMean001     ,006-TempRot001     ,007-TempTotal001      
    0.00000000000000E+000,    0.00000000000000E+000,    0.00000000000000E+000,    0.00000000000000E+000,    0.00000000000000E+000,    0.00000000000000E+000,    0.00000000000000E+000 
    1.00000000000000E-008,    1.00460000000000E+004,    4.97704950334878E+003,    5.11991075949187E+003,    1.58892521602904E+000,    5.01896267609429E+003,    5.02422293263801E+003 
