001-TIME,002-Reaction001,003-Reaction002
0.00000000000000E+000,0.00000000000000E+000,0.00000000000000E+000
1.00000000000000E-006,2.03988862689684E-015,7.66115760724732E-016
