001-TIME,002-Pmean,003-Pmax,004-MeanFreePath,005-MaxMCSoverMFP,006-ResolvedCellPercentage,007-Reaction001,008-Reaction002,009-Reaction003,010-Reaction004,011-Reaction005
0.0000000000000000E+000,0.0000000000000000E+000,0.0000000000000000E+000,0.0000000000000000E+000,0.0000000000000000E+000,0.0000000000000000E+000,0.0000000000000000E+000,0.0000000000000000E+000,0.0000000000000000E+000,0.0000000000000000E+000,0.0000000000000000E+000
1.00000000000000E-007,3.73688135572668E-001,7.27526232996863E-001,1.32474544582370E-005,0.0000000000000000E+000,0.0000000000000000E+000,2.48777888932569E-019,4.40906095483012E-017,2.28631616080479E-018,2.42390240084106E-019,4.42149510308084E-017
