001-TIME,002-Pmean,003-Pmax,004-MeanFreePath,005-Reaction001,006-Reaction002,007-Reaction003,008-Reaction004,009-Reaction005
0.00000000000000E+000,0.00000000000000E+000,0.00000000000000E+000,0.00000000000000E+000,0.00000000000000E+000,0.00000000000000E+000,0.00000000000000E+000,0.00000000000000E+000,0.00000000000000E+000
1.00000000000000E-007,3.73688135572668E-001,7.27526232996863E-001,1.32474544582370E-005,2.48777888932569E-019,4.40906095483012E-017,2.28631616080479E-018,2.42390240084106E-019,4.42149510308084E-017
