001-TIME,002-Pmean,003-Pmax,004-MeanFreePath,005-Reaction001,006-Reaction002,007-Reaction003,008-Reaction004,009-Reaction005
0.00000000000000E+000,0.00000000000000E+000,0.00000000000000E+000,0.00000000000000E+000,0.00000000000000E+000,0.00000000000000E+000,0.00000000000000E+000,0.00000000000000E+000,0.00000000000000E+000
1.00000000000000E-007,4.47559993591972E-001,8.92300196007909E-001,1.56451464977998E-005,2.30501939606140E-017,2.98606402841324E-016,7.74403936513887E-018,2.29962815955325E-017,2.99179879671808E-016
