001-TIME,002-Pmean,003-Pmax,004-MeanFreePath,005-MaxMCSoverMFP,006-ResolvedCellPercentage,007-Reaction001,008-Reaction002,009-Reaction003,010-Reaction004,011-Reaction005
0.0000000000000000E+000,0.0000000000000000E+000,0.0000000000000000E+000,0.0000000000000000E+000,0.0000000000000000E+000,0.0000000000000000E+000,0.0000000000000000E+000,0.0000000000000000E+000,0.0000000000000000E+000,0.0000000000000000E+000,0.0000000000000000E+000
1.00000000000000E-007,4.15119539713157E-001,7.81552614396978E-001,1.46013945833773E-005,0.0000000000000000E+000,0.0000000000000000E+000,5.65915325730076E-018,1.71194379397845E-016,5.46193901126186E-018,5.64365826162393E-018,1.71913416028807E-016
