001-TIME,002-Pmean,003-Pmax,004-MeanFreePath,005-MaxMCSoverMFP,006-ResolvedCellPercentage,007-Reaction001,008-Reaction002,009-Reaction003,010-Reaction004,011-Reaction005
0.0000000000000000E+000,0.0000000000000000E+000,0.0000000000000000E+000,0.0000000000000000E+000,0.0000000000000000E+000,0.0000000000000000E+000,0.0000000000000000E+000,0.0000000000000000E+000,0.0000000000000000E+000,0.0000000000000000E+000,0.0000000000000000E+000
1.00000000000000E-007,4.74050019404016E-001,9.37805694448479E-001,1.65058554426589E-005,0.0000000000000000E+000,0.1000000000000000E+003,4.97833540255880E-017,3.87994790203365E-016,9.10294567339719E-018,4.97938048700443E-017,3.87300727417732E-016
