001-TIME,002-Pmean,003-Pmax,004-MeanFreePath,005-Reaction001,006-Reaction002,007-Reaction003,008-Reaction004,009-Reaction005
0.00000000000000E+000,0.00000000000000E+000,0.00000000000000E+000,0.00000000000000E+000,0.00000000000000E+000,0.00000000000000E+000,0.00000000000000E+000,0.00000000000000E+000,0.00000000000000E+000
1.00000000000000E-007,4.96981553163028E-001,9.56127086192396E-001,1.72441398496055E-005,7.85646412162534E-017,4.39062831301584E-016,9.80866304821267E-018,7.85559016425114E-017,4.38869012436839E-016
