001-TIME,002-NumDens-Spec-001,003-NumDens-Spec-002,004-NumDens-Spec-003,005-NumDens-Spec-004,006-NumDens-Spec-005,007-NumDens-Spec-006,008-NumDens-Spec-007,009-NumDens-Spec-008,010-NumDens-Spec-009,011-NumDens-Spec-010,012-NumDens-Spec-011,013-NumDens-Spec-012,014-NumDens-Spec-013,015-NumDens-Spec-014,016-NumDens-Spec-015,017-NumDens-Spec-016,018-NumDens-Spec-017,019-NumDens-Spec-018,020-NumDens-Spec-019
5.00000000000000E-006,0.00000000000000E+000,0.00000000000000E+000,5.00513807454180E+016,1.14968021572225E+020,2.59201085466296E+021,6.66183877721513E+019,1.34513085753311E+021,2.92800577360695E+020,7.38758379802369E+019,7.03722413280576E+019,3.41525596516359E+021,3.73723649749887E+021,1.70503532105918E+022,1.60419680427139E+021,2.50256903727090E+017,1.05107899565378E+019,9.52627929727540E+020,6.40807827683586E+020,3.19670661113873E+022
