001-TIME,002-Massflow-Spec-001-SF-001,003-Pressure-Spec-001-SF-001
0.0000000000000000E+000,0.0000000000000000E+000,0.0000000000000000E+000
0.1000000000000000E-006,0.1000000000000000E-009,0.9000000000000000E+001
