001-TIME,002-Charge,003-Charge-absError,004-Charge-relError
1.00000000000000E-012,3.20435305999962E+002,5.34214450453874E-010,1.66715227832306E-012
