001-TIME,002     -Charge     ,003-Charge-absError     ,004-Charge-relError      
    0.00000000000000E+000,    0.00000000000000E+000,    0.00000000000000E+000,    0.00000000000000E+000 
    1.00000000000000E-012,    1.03553093409092E+002,    2.16882212591404E+002,    6.76836192922725E-001 
