001-TIME,002-Charge,003-Charge-absError,004-Charge-relError
1.00000000000000E-012,3.19852996558103E+002,5.82309442393068E-001,1.81724495237790E-003
