001-TIME,002     -Charge     ,003-Charge-absError     ,004-Charge-relError      
    0.00000000000000E+000,    0.00000000000000E+000,    0.00000000000000E+000,    0.00000000000000E+000 
    1.00000000000000E-012,    7.38825548339290E+001,    2.46552751166567E+002,    7.69430666813554E-001 
