001-TIME,002-Charge,003-Charge-absError,004-Charge-relError
1.00000000000000E-012,3.20435306000001E+002,4.94480900670169E-010,1.54315361450652E-012
