001-TIME,002     -Charge     ,003-Charge-absError     ,004-Charge-relError      
    1.00000000000000E-012,    1.06609784949541E+001,    1.91302540254750E-002,    1.79120404811447E-003 
