001-TIME,002     -Charge     ,003-Charge-absError     ,004-Charge-relError      
    1.00000000000000E-012,    1.06610188168405E+001,    1.90899321391118E-002,    1.78742862903299E-003 
