001-TIME,002     -Charge     ,003-Charge-absError     ,004-Charge-relError      
    1.00000000000000E-012,    1.06667547745936E+001,    1.33539743860105E-002,    1.25035940175107E-003 
