001-TIME,002     -Charge     ,003-Charge-absError     ,004-Charge-relError      
    1.00000000000000E-012,    1.06668884987402E+001,    1.32202502394190E-002,    1.23783854173602E-003 
