001-TIME,002-Pmean,003-Pmax,004-MeanFreePath,005-Reaction001,006-Reaction002
0,0,0,0,0,0
1E-08,0.181298879727166,0.670144326764107,8.72458344199456E-005,1.62674621356066E-17,1.001075e-19
