001-TIME,002-Pmean,003-Pmax,004-MeanFreePath,005-Reaction001,006-Reaction002
0.00000000000000E+000,0.00000000000000E+000,0.00000000000000E+000,0.00000000000000E+000,0.00000000000000E+000,0.00000000000000E+000
1.00000000000000E-008,2.29606703511907E-001,8.38585295512184E-001,1.08665204605351E-004,4.79780014795168E-015,1.24043152813724E-015
