001-TIME,002-Pmean,003-Pmax,004-MeanFreePath,005-MaxMCSoverMFP,006-ResolvedCellPercentage,007-Reaction001,008-Reaction002
0.0000000000000000E+000,0.0000000000000000E+000,0.0000000000000000E+000,0.0000000000000000E+000,0.0000000000000000E+000,0.0000000000000000E+000,0.0000000000000000E+000,0.0000000000000000E+000
1.00000000000000E-008,2.01142542418521E-001,7.14646744669035E-001,9.61847669045529E-005,0.0000000000000000E+000,0.0000000000000000E+000,4.51684856343735E-016,2.31748800000000E-017
