001-TIME,002-nPart-Spec-001,003-nPartIn-Spec-001,004-nPartOut-Spec-001,005-EkinIn-001,006-EkinOut-001
1.00000000000000E-004,6.23273000000000E+005,0.00000000000000E+000,0.00000000000000E+000,0.00000000000000E+000,0.00000000000000E+000
