001-TIME,002-Charge,003-Charge-absError,004-Charge-relError
1.00000000000000E-012,3.20435305999998E+002,4.97493601869792E-010,1.55255551605484E-012
