001-TIME,002     -Charge     ,003-Charge-absError     ,004-Charge-relError      
    1.00000000000000E-012,    1.06602594476277E+001,    1.98493013518615E-002,    1.85852989125770E-003 
