001-TIME,002     -Charge     ,003-Charge-absError     ,004-Charge-relError      
    1.00000000000000E-012,    1.06666599191621E+001,    1.34488298174613E-002,    1.25924090602039E-003 
