001-TIME,002-Pmean,003-Pmax,004-MeanFreePath,005-Reaction001,006-Reaction002
0.00000000000000E+000,0.00000000000000E+000,0.00000000000000E+000,0.00000000000000E+000,0.00000000000000E+000,0.00000000000000E+000
1.00000000000000E-010,1.18883827509440E-001,2.18864022733051E-001,9.32408088387504E-006,8.95913832108752E-017,4.80490099901900E-017
