001-TIME,002-Pmean,003-Pmax,004-MeanFreePath,005-MaxMCSoverMFP,006-ResolvedCellPercentage,007-Reaction001,008-Reaction002
0.0000000000000000E+000,0.0000000000000000E+000,0.0000000000000000E+000,0.0000000000000000E+000,0.0000000000000000E+000,0.0000000000000000E+000,0.0000000000000000E+000,0.0000000000000000E+000
1.00000000000000E-010,1.58212426667140E-001,2.91362997624375E-001,1.21371056784876E-005,0.0000000000000000E+000,0.1000000000000000E+003,1.97551502532583E-015,2.57182325972492E-014
