001-TIME,002-Pmean,003-Pmax,004-MeanFreePath,005-Reaction001,006-Reaction002,007-Reaction003,008-Reaction004
0.00000000000000E+000,0.00000000000000E+000,0.00000000000000E+000,0.00000000000000E+000,0.00000000000000E+000,0.00000000000000E+000,0.00000000000000E+000,0.00000000000000E+000
1.00000000000000E-006,3.53696704727658E-001,7.59175266061906E-001,1.02611582619153E-005,0.00000000000000E+000,0.00000000000000E+000,3.02820900161511E-043,3.04092205385157E-043
