001-TIME,002-Pmean,003-Pmax,004-MeanFreePath,005-Reaction001,006-Reaction002,007-Reaction003,008-Reaction004
0.00000000000000E+000,0.00000000000000E+000,0.00000000000000E+000,0.00000000000000E+000,0.00000000000000E+000,0.00000000000000E+000,0.00000000000000E+000,0.00000000000000E+000
1.00000000000000E-006,5.07189286586427E-001,1.10005256303409E+000,1.43117213112965E-005,0.00000000000000E+000,0.00000000000000E+000,1.10313256413998E-044,1.16519628371954E-044
