001-TIME,002-Pmean,003-Pmax,004-MeanFreePath,005-Reaction001,006-Reaction002,007-Reaction003,008-Reaction004
0.00000000000000E+000,0.00000000000000E+000,0.00000000000000E+000,0.00000000000000E+000,0.00000000000000E+000,0.00000000000000E+000,0.00000000000000E+000,0.00000000000000E+000
1.00000000000000E-006,4.70664632636717E-001,1.01870116820428E+000,1.33569982320102E-005,0.00000000000000E+000,0.00000000000000E+000,1.87592597567906E-044,1.86091055965174E-044
