001-TIME,002-Pmean,003-Pmax,004-MeanFreePath,005-MaxMCSoverMFP,006-ResolvedCellPercentage,007-Reaction001,008-Reaction002,009-Reaction003,010-Reaction004
0.0000000000000000E+000,0.0000000000000000E+000,0.0000000000000000E+000,0.0000000000000000E+000,0.0000000000000000E+000,0.0000000000000000E+000,0.0000000000000000E+000,0.0000000000000000E+000,0.0000000000000000E+000,0.0000000000000000E+000
1.00000000000000E-006,4.23534952829844E-001,9.42073997624852E-001,1.21183487150917E-005,0.2444299931380187E+000,0.1000000000000000E+003,0.00000000000000E+000,0.00000000000000E+000,4.24235554158370E-044,4.24836170799462E-044
