001-TIME,002-CollRate001+001     ,003-CollRate001+002     ,004-CollRate001+003     ,005-CollRate001+004     ,006-CollRate002+002     ,007-CollRate002+003     ,008-CollRate002+004     ,009-CollRate003+003     ,010-CollRate003+004     ,011-CollRate004+004     ,012-TotalCollRate      
    0.00000000000000E+000,    0.00000000000000E+000,    0.00000000000000E+000,    0.00000000000000E+000,    0.00000000000000E+000,    0.00000000000000E+000,    0.00000000000000E+000,    0.00000000000000E+000,    0.00000000000000E+000,    0.00000000000000E+000,    0.00000000000000E+000,    0.00000000000000E+000 
    1.00000000000000E-012,    1.50000000000000E+013,    2.50000000000000E+013,    3.50000000000000E+013,    2.11600000000000E+016,    0.00000000000000E+000,    4.00000000000000E+013,    1.46900000000000E+016,    1.50000000000000E+013,    1.77000000000000E+015,    0.00000000000000E+000,    3.77500000000000E+016 
