001-TIME,002-Charge,003-Charge-absError,004-Charge-relError
1.00000000000000E-012,3.20435306000000E+002,4.95504082209663E-010,1.54634671314558E-012
