001-TIME,002-Charge,003-Charge-absError,004-Charge-relError
1.00000000000000E-012,3.20030705067139E+002,4.04600933357244E-001,1.26266028050173E-003
