001-TIME,002-nPart-Spec-001
2.00020000000000E-003,6.03561000000000E+005
