001-TIME,002-Flux-Spec-002-BC_ANODE,003-Flux-Spec-003-BC_ANODE,004-Flux-Spec-002-BC_CATHODE,005-Flux-Spec-003-BC_CATHODE,006-Flux-Spec-002-BC_WALL,007-Flux-Spec-003-BC_WALL,008-TotalElectricCurrent-BC_ANODE,009-TotalElectricCurrent-BC_CATHODE,010-TotalElectricCurrent-BC_WALL,011-NeutralizationParticles,012-ElectricCurrentSEE-BC_WALL
0.5000000000000000E-008,0.9049999999999934E+015,0.0000000000000000E+000,0.2809999999999979E+015,0.0000000000000000E+000,0.5399999999999961E+015,0.1999999999999985E+013,-.1449969759649989E-003,-.4502116049299967E-004,0.1091082216929991E-003,0.1900000000000000E+002,0.1953053190069984E-003
