001-TIME,002-Flux-Spec-002-BC_ANODE,003-Flux-Spec-003-BC_ANODE,004-Flux-Spec-002-BC_CATHODE,005-Flux-Spec-003-BC_CATHODE,006-Flux-Spec-002-BC_WALL,007-Flux-Spec-003-BC_WALL,008-TotalElectricCurrent-BC_ANODE,009-TotalElectricCurrent-BC_CATHODE,010-TotalElectricCurrent-BC_WALL,011-NeutralizationParticles,012-ElectricCurrentSEE-BC_WALL
0.5000000000000000E-008,0.1007999999999993E+016,0.0000000000000000E+000,0.1329999999999990E+016,0.9999999999999927E+012,0.4979999999999964E+015,0.1999999999999985E+013,-.1614993942239988E-003,-.2129292608369985E-003,0.1228869398509989E-003,0.7700000000000000E+002,0.2023548957389984E-003
