001-TIME,002-nRealPartOutPerSec002-BC_SUBSTRAT,003-nRealPartOutPerSec003-BC_SUBSTRAT
0.1000000000000000E-006,0.1640000000000001E+022,0.2000000000000001E+021
