001-TIME,002-Pmean,003-Pmax,004-MeanFreePath,005-Reaction001,006-Reaction002
0.00000000000000E+000,0.00000000000000E+000,0.00000000000000E+000,0.00000000000000E+000,0.00000000000000E+000,0.00000000000000E+000
1.00000000000000E-008,2.16903026535711E-001,7.90496216094982E-001,1.03046916335051E-004,2.05145210962411E-015,2.72192181825934E-016
