001-TIME,002-Pmean,003-Pmax,004-MeanFreePath,005-Reaction001,006-Reaction002
0.00000000000000E+000,0.00000000000000E+000,0.00000000000000E+000,0.00000000000000E+000,0.00000000000000E+000,0.00000000000000E+000
1.00000000000000E-008,2.41354438603174E-001,8.77408970222360E-001,1.13529120729100E-004,8.09669130786375E-015,2.88699901863851E-015
