001-TIME,002-Pmean     ,003-Pmax     ,004-MeanFreePath     ,005-Reaction001     ,006-Reaction002      
    0.00000000000000E+000,    0.00000000000000E+000,    0.00000000000000E+000,    0.00000000000000E+000,    0.00000000000000E+000,    0.00000000000000E+000 
    1.00000000000000E-008,    1.81263644040942E-001,    6.46009962021665E-001,    8.72458344199456E-005,    1.60672472170145E-017,    5.00537296480202E-020 
