001-TIME,002-ElectricCurrentSEE-BC_Xplus
0.0000000000000000E+000,0.0000000000000000E+000
0.5000000000000002E-009,0.3019677691807498E+000
0.1000000000000000E-008,0.3004721864362105E+000
