001-TIME,002-ElectricCurrentSEE-BC_Xplus
0.0000000000000000E+000,0.0000000000000000E+000
0.5000000000000002E-009,0.4970670940623789E+000
0.1000000000000000E-008,0.4961876626348328E+000
