001-TIME,002-ElecRelaxRate001+004-10.50,003-ElecRelaxRate001+004-7.00,004-ElecRelaxRate002+004-11.03,005-ElecRelaxRate002+004-11.87,006-ElecRelaxRate002+004-12.25,007-ElecRelaxRate002+004-13.00,008-ElecRelaxRate002+004-8.16,009-ElecRelaxRate002+004-8.40,010-ElecRelaxRate002+004-8.55,011-ElecRelaxRate002+004-8.89,012-ElecRelaxRate003+004-19.80
0.0000000000000000E+000,0.0000000000000000E+000,0.0000000000000000E+000,0.0000000000000000E+000,0.0000000000000000E+000,0.0000000000000000E+000,0.0000000000000000E+000,0.0000000000000000E+000,0.0000000000000000E+000,0.0000000000000000E+000,0.0000000000000000E+000,0.0000000000000000E+000
0.1000000000000000E-009,0.1421637999999913E+017,0.0000000000000000E+000,0.3689999999999774E+013,0.6049999999999630E+012,0.1172499999999928E+014,0.3614989999999778E+016,0.9709999999999406E+013,0.2031999999999876E+014,0.9247999999999434E+014,0.5199999999999682E+013,0.2721349999999834E+015
