001-TIME,002-ElecRelaxRate001+004-10.50,003-ElecRelaxRate001+004-7.00,004-ElecRelaxRate002+004-11.03,005-ElecRelaxRate002+004-11.87,006-ElecRelaxRate002+004-12.25,007-ElecRelaxRate002+004-13.00,008-ElecRelaxRate002+004-8.16,009-ElecRelaxRate002+004-8.40,010-ElecRelaxRate002+004-8.55,011-ElecRelaxRate002+004-8.89,012-ElecRelaxRate003+004-19.80
0.0000000000000000E+000,0.0000000000000000E+000,0.0000000000000000E+000,0.0000000000000000E+000,0.0000000000000000E+000,0.0000000000000000E+000,0.0000000000000000E+000,0.0000000000000000E+000,0.0000000000000000E+000,0.0000000000000000E+000,0.0000000000000000E+000,0.0000000000000000E+000
0.1000000000000000E-009,0.2924269999999822E+016,0.0000000000000000E+000,0.1427749999999912E+015,0.4329999999999735E+013,0.2010999999999877E+014,0.1831324999999888E+016,0.2890499999999823E+014,0.1970999999999880E+014,0.1731699999999894E+015,0.1996999999999878E+014,0.1483249999999909E+015
