001-TIME,002-Reaction001,003-Reaction002
0.00000000000000E+000,0.00000000000000E+000,0.00000000000000E+000
1.00000000000000E-008,5.34963551907315E-017,9.03430518127651E-040
