001-TIME,002-Reaction001,003-Reaction002
0.00000000000000E+000,0.00000000000000E+000,0.00000000000000E+000
1.00000000000000E-008,2.60021917441656E-015,4.31126626808349E-040
